CF_Feature_1,CF_Feature_2,CF_Feature_3,CF_Feature_4,CF_Feature_5,Vib_Feature_1,Vib_Feature_2,Vib_Feature_3,Vib_Feature_4,Vib_Feature_5,AE_Feature_1,AE_Feature_2,AE_Feature_3,AE_Feature_4,AE_Feature_5,VB_mm,Wear_Class
26.51232614457395,49.50559456545849,84.65344931234053,50.51657115227325,74.80347393415887,7.624196216457234,7.20883074508124,9.971494397581669,2.593813734083905,7.354572516754213,1.892834250945683,1.306835462442011,1.8058170113554968,2.463477907504748,1.7960476624475723,0.3174703562884211,Worn
32.467592689006,73.73570773877996,47.601812936876655,37.58882851457693,39.44762785700353,6.340505083067194,2.569859378537811,0.5218505779676108,0.1023385640875751,0.2215953554452154,4.890784378184111,4.987512517405985,3.873574890055956,2.0215554901021964,2.4721610041449416,0.0645123518140753,Healthy
75.6789222902397,33.200070211767915,74.44421678375537,15.19801824740512,13.031798809129093,1.5772031708324974,6.276247009230531,9.008369802823236,7.183602189143816,3.4854665160337763,2.375188543851933,4.454550483610687,3.226371148327309,2.485004791173431,0.6417478121676234,0.2185343011906988,Moderate
42.9673363355148,74.98599312882688,91.3041466889856,57.21229637222063,18.078515056237958,3.477397822959257,3.998586951372155,3.608068262457512,8.263592101750042,4.521390551224474,3.415989253424985,1.0568332190755658,0.1986457668234542,0.7360011408007788,4.827734589469727,0.1555310556558659,Moderate
53.91937941273144,96.88146905778044,48.42131393476416,6.360143637779736,55.16879678064617,9.377922867867817,8.266863036714513,8.575057399572561,9.066688146151902,4.086049707232401,4.904037142450028,3.190515045686312,0.9679923887743364,0.5960445570697837,4.730218221402128,0.2142650973827582,Moderate
58.2144802814742,35.677049034925126,16.427044945592804,50.37194345899563,83.0202884345762,3.902891008393338,6.545222690109419,2.5435953880638182,4.319875924251573,0.5671513828222552,4.134394101298135,4.248983353268282,1.163829821466766,1.5733591135565417,4.1255818545504415,0.2098982946389662,Moderate
36.91361938092045,35.719233399304485,34.40916178494421,52.054383730485846,44.06648834242935,8.294002201989358,1.9079226547583872,8.071797702024911,6.574940592562511,1.9274350721236844,1.3597855745516425,2.967306112259181,1.4162453113868725,0.5451158035974657,3.4209887173734037,0.1761725858946547,Moderate
44.89117225927901,53.71693216040288,20.353552248180485,15.57516228655298,88.04219028736048,6.237219692791834,8.39172810510297,7.591624811633812,5.987737041336166,9.611244018517173,3.928410408880155,1.0981899571745235,4.12948134646048,0.6103983880754782,3.110992928375348,0.3191411219489209,Worn
73.78969166957685,55.43540525114007,61.17207462343522,41.96000624277899,24.773098950115745,2.423106063874477,4.140678257678164,2.327302418700535,4.913490902687853,8.72465523258539,1.4288445010995092,0.6120540334328345,3.795595477921301,2.9777464020292665,3.0453308462724915,0.0223197598614972,Healthy
72.84939338474402,19.96697380406467,37.12709205053938,50.16991660064248,72.54681684501628,3.358543158608321,1.8194140174843365,3.2393556607803378,0.4928020144774492,9.504422340901034,2.5034401710038177,3.5692114002491326,0.2661364243776548,3.8013388816198095,2.882132524520684,0.2232741326259746,Moderate
89.00053418175663,33.79951568515358,37.5582952639944,9.3981939840869,57.8280140996174,4.09518480278714,3.7473102253575994,9.25529321646895,8.289298911930121,1.089999898629761,1.1509063943562885,4.524592101721335,3.19948218041626,1.134235477505282,1.0957248411629017,-0.0069340768322622,Healthy
26.52285225026746,68.60911539434869,94.8790497691918,26.804718737863777,81.14659391516817,0.4321993725495721,8.378257199236009,1.6962409303157244,6.973580668337705,2.244805012327284,2.385565158387144,0.0213756233024547,4.87855283141954,1.7479232494477022,1.29102196418525,0.2168507644957021,Moderate
31.16529166546489,52.53182644507214,6.605530782216007,97.25682356497369,36.0059901930726,6.567940046300318,6.102489782898049,7.083589360386612,6.603864402713439,1.142946811423835,4.557965867787225,3.9076157553092807,3.614500502226596,2.66513752431351,4.417428711677615,0.1910750677352862,Moderate
32.52951340230311,71.26213330985128,81.6779466505636,18.161396775660265,37.09410081577652,8.708905700266667,2.134615161389688,4.263898947694251,9.394808877148757,4.285638378056973,4.147300469906109,4.494428769310726,0.3406713188824184,1.510393996367484,1.6011502048426092,0.1076415514734074,Moderate
81.77853298569451,21.35113663106719,50.5852692951829,84.07030280112,73.28015447662506,9.869137142182122,3.980431741040957,3.3190628489749674,6.244249271843925,8.256086725075939,2.9856674260871365,3.465660875968006,2.3421763935354685,0.4885148384157411,2.3432069929177644,0.0682030103369736,Healthy
87.07499012725114,44.53052550026655,51.48173539296902,35.92333693997657,59.29508514349274,4.501242726352388,7.443037173373661,4.669674091637979,2.2780075571285616,1.993501289446863,3.195575641949016,1.0570650788795204,3.72610063345759,3.231316885203637,4.616446341181432,0.0590441191328991,Healthy
15.047227100599748,96.80763814507335,44.67145272585204,50.15179603501664,24.66586158054065,3.40225241522392,3.1813253133349084,9.56527749078009,7.890739828816936,7.240087921615538,4.478505509557591,1.6222532682316977,1.8962055988103392,3.9144838433616727,3.7947832560579897,0.1360930054140227,Moderate
2.007119777772637,32.20791655831783,21.144800699654464,32.74973521779147,11.976213181925122,5.718696893717321,8.943028933186481,4.751977194569495,9.45117507342546,2.144582293241616,1.6709192118773482,1.7547666236368982,0.2580127155449008,0.5954716509337749,0.9658260556088548,0.0276593426328948,Healthy
20.299355919119723,45.18690446522778,79.69475040156459,59.04261031078914,9.691732706699485,1.9253481772377332,5.900124682736959,7.410857977382195,3.191395155341933,1.0470515686242154,1.0483938899753935,2.7025180249892093,2.3053284460480814,1.6514686879637503,3.930074044342166,0.302999018575215,Worn
45.37537602503535,50.69301160771944,68.73899126857145,63.32834823329955,81.07206729451748,4.030755427002281,9.969869008908615,1.7335793021138268,1.4548264959926016,9.150557297761544,4.343663983289918,0.504157394311377,1.19383208381021,0.1203883416324741,0.2191492272222039,0.3095650074187952,Worn
21.87156129979273,59.53032659274891,26.463502692535734,66.19689447938686,81.49397285405392,8.527299652785477,2.471450700302933,0.1756545570396694,6.19207925029823,4.579094069647153,0.1091593817621155,4.968150709626864,0.9169191674686904,3.5535368093463866,0.7752986070620671,0.1063420825428584,Moderate
13.093125212677748,69.62214361212725,20.607377993717524,44.12296690917168,6.5000788948888495,2.3716768129859647,6.924454812415469,7.79761055279122,2.3903594314980614,2.5696885389927084,3.684542474229208,4.869528367185018,1.9005447340120676,0.3223627233317555,4.93985610610676,0.2783812890805682,Worn
39.14797303340157,84.49503772726041,0.0240874517866473,16.851464345918423,3.042353965408562,4.320045888091539,3.208650450239697,7.06560814322998,8.702416582470018,7.847732031423843,2.089800745335749,0.8782784674558125,1.7505903973056247,1.2306555585911267,1.1435680256782297,0.3492815064649935,Worn
38.628770514554525,35.34731920607206,31.56332153671523,49.101976266891,32.07335823115712,7.529485996631107,1.5148211302995818,4.005893573198112,4.828174943504111,3.556873898943743,1.0492790024226972,2.0826282441977977,4.638188590265933,2.8322587485051858,4.509657295464658,0.1894898731181165,Moderate
69.97130771543371,24.627073410317323,90.34077558627928,10.4371458082829,98.26882395913256,0.5297879330259692,0.783884269702585,0.2076408972446097,3.708340845939895,7.458010487660108,2.603450437720256,2.55168022720843,3.156518886641054,3.515241978349388,1.7334518851462588,0.348148492159135,Worn
35.33522280260528,58.3656111850872,7.773463696498483,97.43948076661664,98.62107444796028,1.665455885938013,5.286298375366193,5.901164223444708,2.980416983469145,0.350649490187187,4.804430646124869,2.024728903994308,0.1264570449481655,3.0144816972320347,1.4484801029938592,0.0254720725399235,Healthy
24.581858702257463,91.48421498516548,33.540681349634696,95.22640145333725,53.30552900947112,3.976811351450343,6.802656287285745,8.90811894313803,0.4106637374661159,0.7153882189037641,4.502197797991495,1.9327509236246927,4.345579933554912,0.1947382944973902,0.7283177593183793,0.2077584214879594,Moderate
28.41842957117288,28.89685249210585,37.70539310016988,39.33206703851887,54.45553246546755,3.352478357003311,0.0131986898432967,3.07943707661932,2.78628333089757,3.934481532236358,1.7680901460124765,0.5139278927864821,2.7155694335766016,1.509156489372418,3.304039714637642,0.1654939492436742,Moderate
57.39498660690104,39.2895108893179,2.865242757765452,58.32523923125568,1.1302536589022472,2.7338391811377862,5.77399267133091,9.33501876702435,0.3498187351615356,7.692312035414377,3.101024159704296,1.1980241145977284,2.171974469386775,1.0510060722626011,4.376525783784008,0.14993657103512,Moderate
3.68869473545328,60.95643339798968,50.26790232288615,5.147875124998935,27.864646423661146,7.798186756231436,7.839252791418875,5.192800823952713,8.579519454023362,3.9137809336374696,3.005647049651344,4.624108009655849,1.142625738533722,2.468596022310527,4.419962750362044,0.0043691996941321,Healthy
37.11129384301278,92.07666084633571,58.4448909757426,53.83319432557134,26.885351438219352,9.530465861598447,2.818256790996847,3.820348304112709,0.9163820517572784,1.122727583289096,1.3033856341724326,1.9661087940211808,2.5247388139504228,4.463076670445158,4.343787158025279,0.117580083615671,Moderate
34.50168399245661,5.4732706924985886,20.424210636842886,41.86951433276842,21.963492859456903,6.134927718519796,0.9568620730590628,3.5456782111615084,2.511122868190061,9.155167287166966,2.3492191011992363,1.4572582382270372,2.387753276985856,2.023463607239385,4.659896097786907,0.1714170739871618,Moderate
86.67703545060003,28.247874397702667,95.04591705752958,58.16222929891936,43.66141897687661,3.342463741571313,9.598434267385183,5.200899376058343,4.00699281243253,5.214220423483239,2.2523366385237886,0.844785205506593,1.6318710265918868,1.515233741592933,0.5406598616968755,0.0999946934501535,Healthy
58.79916294638328,42.64997472418612,61.54207798208354,8.157492561136593,8.778823705815997,1.5116195818822653,6.115315946147739,2.3946477953446674,8.674041132245677,3.270996654000793,1.2493247135968335,2.1813464002129463,3.153155235770816,0.8576059402658925,3.82275732135245,0.1593636088103327,Moderate
24.399530235247223,96.6734227535108,95.8138119804496,24.76316430714387,34.80519554773205,6.228292369611795,1.5288884564479632,8.447903602895616,1.957751114131362,9.322821440707807,2.5670438888783647,3.223876169739249,0.2901528094181027,3.4786526401619904,3.5360043647451613,0.1991225746168376,Moderate
9.38572848233562,90.96268194365923,66.92002629380784,82.92867993167555,87.89789002822673,6.678602222396805,7.785530255185421,7.761394036915221,5.350737497792146,7.974889777130172,4.695796162775596,0.2166936665123986,3.072593398374249,3.46693763807656,0.536726455839549,0.0936754141168686,Healthy
10.07528439595763,70.75228189780428,3.1174909111921223,87.01966904922422,13.865252911330373,6.739812723165507,8.492586264996465,1.385474424446943,0.3075294050971633,9.343745403825013,0.0511900128799769,1.4266924758733563,0.945457602518902,0.8349317647124616,3.642383420605664,0.2989804216477513,Worn
84.10961706161014,99.684928428144,43.034317368907246,32.02987424967425,90.66532969519989,8.46700723350401,1.580613002916493,0.2164179460823567,7.848913946638501,0.747966479969393,2.169638447312537,0.974080166313424,4.669462578888005,0.5226213578215594,3.647855484285376,0.2223217191089593,Moderate
13.945023620516018,56.92064631294277,86.7979626730903,58.3105757279898,71.80141781270015,1.4959765614755838,8.259736695834869,2.9130280870515035,8.08586169429098,9.202711976015388,0.9777850547789452,1.647164402827434,2.1840779328531945,4.810292240138191,1.8266680677374263,0.1894776714685994,Moderate
69.49818861265426,86.01223971892045,77.98509888933498,3.9618825348357145,48.0506947257829,1.4989429532815812,0.899672788609609,5.633837406661656,1.137624624806518,1.3877588411263075,2.4924511351720717,0.9365930985095516,3.1689409945364595,2.9521864038945744,3.2596652973787528,0.0408180589070568,Healthy
18.45210193563773,20.93493233367103,37.0472102791382,48.45229851910213,61.8254771530296,3.576405495889113,2.907438658906739,6.147709531562623,9.02776047764545,9.622915416725869,2.4929901619850767,4.420520114741056,3.0196414219265493,3.4683851822596106,1.94706771274552,-0.0005014795800373,Healthy
19.89168137372247,93.63525578249852,1.8524576745955867,43.777727188956895,2.162699246179378,5.888248932482933,1.9279043581910584,1.325487791048744,4.055252214579435,2.272206940999105,4.833388771251148,1.4132748211373207,0.7707547332155607,1.4374268157125765,3.0731280418972258,0.3273544766714092,Worn
43.030589489946266,20.052472670033676,49.15945467414369,6.420893707513409,58.19714019143988,9.524512631463852,0.2487588201460544,3.768355610161657,8.957988575088416,2.7463687981698293,0.4617822911963104,1.7993900616691716,1.3710380253012238,2.5555215325714227,4.896167969150979,0.0357941701928321,Healthy
90.194019674915,80.66935196947392,98.4858402762476,75.42482596820807,39.31952010279223,3.5836763233239832,4.405366481233783,5.194527665175563,6.3199134413146885,8.00692800916731,2.172229756099393,0.8463237535770951,2.481029399750041,3.31607163649228,2.486819601083589,0.1039422937929989,Moderate
56.83191510779256,43.95077804475518,6.724063405203662,46.4689468445165,82.07358408157303,8.607948898601702,0.0958268771315562,9.664193168045983,3.4141225262744834,9.903977960919647,4.005439250079544,4.572868399937969,1.7705222331891273,3.529215309319167,0.7410206633435668,0.2673159199310296,Worn
29.335342144100984,52.54703073558932,69.783278550517,90.02641112020704,79.2191194801676,6.624968731842785,3.7122764775743056,6.46010290946699,3.5624825308758377,6.737506462588588,1.5166156011883,3.1928488903372703,3.124211487988937,2.984625678648271,0.79713103444151,0.1433930944499871,Moderate
83.41445970006758,74.04761319535191,14.28502873008386,75.34279222569691,76.8922782107641,5.801763697965338,6.617651547273958,7.211358535990435,2.5523121691856545,0.89249751636584,3.682198210566345,1.6660211606292952,3.502379506607703,4.581169166566076,0.0544773651267149,0.1048030796124199,Moderate
97.82206685265584,18.089190137889837,79.91579711047821,33.419271417310995,73.08703457761604,4.001495539058452,8.940546127021445,4.966238140631713,5.442539093508629,9.564981247770984,4.016887857189606,2.197459332390696,0.7354299613519344,0.5014848346394463,1.4897022936451954,0.1560887030526244,Moderate
50.31362585800877,85.64898411883223,65.8693631618945,16.29344270814297,7.056874740042984,5.783291027043042,6.89229736362952,1.0688337508703138,8.211105277415161,4.3550502745325925,1.4146396454145194,1.7510756506575476,1.3534859046107384,3.0090490442849034,4.6498178789025495,0.0026911251672918,Healthy
97.97343347738595,26.82760204535567,4.097822224989045,70.50632842053791,45.098650264834376,5.471151083286356,8.816479545748106,4.489267092688944,0.6110295648660358,8.445563757121603,0.1157317267767082,3.5606624223629413,2.04919934149773,3.5689522524580566,3.37609823769816,0.2728843049394094,Worn
3.836155478797465,62.14644226567846,77.78777055368772,50.035836038439015,35.75133284272369,4.908072494527028,4.480911127959199,9.733070795003766,9.90384177698219,6.501781259610119,1.436626997029481,3.523883645574754,1.8746452567966445,0.6605782218950501,1.1861611492179018,0.2747485975672403,Worn
36.85263437237612,86.4358249839637,47.32099066915572,96.81934279147217,18.552551570312115,5.102159340784041,5.2910326766043845,8.762033622249849,4.624942740124381,2.794424222358942,1.0113043884200643,3.448877279980347,0.0536140144719254,1.525560698392046,1.9941076570377183,0.0447633551696698,Healthy
85.33957335369416,91.43404426664836,26.528508908605243,90.39530651898892,32.06627547364322,1.8064373322469496,5.94552562360948,4.266253734763945,3.348278515553506,5.656334514375047,0.1609507492498413,3.4489137557002225,0.4018666894539974,1.182600711366132,0.8003808124668021,0.2669229655027078,Worn
87.36771141863387,98.40834691992951,76.82734138645182,41.77667821673337,42.13570022770702,7.549787331491632,0.8897553586933837,8.612493851830651,8.131050471108438,0.3340300657743444,2.1905034439552447,2.352067380224049,1.3936402166768986,1.898951307389776,2.992565397333876,0.0380086003851746,Healthy
81.18661240103798,1.3862135912860118,64.93788202366224,66.88765310406853,79.86557803566366,3.536378631401104,5.248772180055824,5.996401440689663,5.666674537501645,6.541683119919322,3.9769158706130896,2.010852135212053,3.326748161317832,4.671526343182367,0.1031331600688217,0.1578018718816017,Moderate
50.4421039715213,74.40494512285778,50.32192071829621,6.779639582811258,72.3580700439981,3.8556288011032,3.432301749675515,8.166787392759234,9.6705540322831,4.608812766929614,2.7222660772339218,0.8918901957182179,4.168941656493209,3.885798481299145,3.778847528686249,0.2903835585618707,Worn
79.84535050511906,70.72283283354233,19.038178629703477,36.6721908593799,10.580502485651422,8.600167529095454,3.596367431790025,3.248866064812187,5.170483546901332,0.4572661476227269,3.859315655002554,1.962853602015792,3.315510175225845,3.603421251356576,1.4845866583869078,0.2172762788522892,Moderate
0.3020871356161247,24.79324498058072,92.77914793753156,93.21339153982832,72.05864193706374,3.96851470341864,9.906955658991803,8.818909649480867,7.495862900768156,5.373455884130005,0.3247621704109588,4.82628915577606,0.7590272751988553,1.4723123200586097,3.8381724107808273,0.291862325296232,Worn
40.63322309637678,92.65853832183812,71.04218150124117,41.89236247929187,51.727216975431055,9.330148731304206,7.557141336010847,7.896994303155147,1.0475825953849804,8.363098750156716,3.1724769548277814,0.7812915882882282,0.9501189629632673,3.1334495111267886,4.956142230443122,0.2027888493837608,Moderate
77.46535311811819,66.13706110704143,18.519556786746797,17.410933533408436,9.839564971339732,1.1478627866061242,7.259687793283472,0.5174547966910115,0.3019201533718862,1.053338942449643,0.5183456774111839,0.0136437225650787,1.5700018780606335,0.7370688324221369,1.099927475690556,0.0611999718705327,Healthy
37.320736910512686,49.32474930259858,57.91298040350491,18.907765377834885,90.09077302669908,9.66672666705293,7.27092729224236,9.928587751846296,6.510511169779467,2.17460343603895,3.6378282078548487,2.638527104671469,4.7077025002729584,3.0955521884080195,3.628225941403336,0.2523130062549386,Worn
32.30273457540939,89.79191869576658,88.81181889340358,32.529061836174776,90.09608956904678,0.638260347097136,3.3035768869906104,2.3114034200984768,8.889916385563323,0.549534538686266,3.84832244249329,1.32142610606241,3.636078440093212,4.1864288892488055,3.921316886476403,0.1002199759036261,Moderate
60.43807190828081,19.854285886820165,49.48284566214202,74.23102455337244,77.04117870686437,6.227611923401886,1.1183980484161238,3.1332783215131554,4.177606716245422,1.5946009778676715,3.103066219729869,2.1824666347162385,2.0303093752620205,1.1614384400417062,0.1521301410135556,0.2806598529319575,Worn
19.90934199359257,34.7822347433046,62.023484896112045,54.48010852760984,12.564349241231398,3.407634893488872,4.678142961809717,3.114157538811587,4.381223470808632,3.5891299099803065,1.1649849402647627,4.090307801361293,3.541054187940935,0.0278500280177529,4.965881090627439,0.1826425584188978,Moderate
10.860740234649258,47.2793345301583,67.7127488573902,87.4505295038077,74.92171650908982,2.4720570371064943,7.15869543583235,8.121045388640898,3.5857887210691173,1.6770277598972694,2.0016734098796847,4.556175648477979,4.425551445540574,0.9369390004805684,1.995912479845513,0.3622060094511436,Worn
36.71738144312921,1.888087857623466,10.05303586918359,49.62194794899244,68.99643571263624,4.818908860574846,5.255949898283735,1.389459359427484,9.146909247082322,9.287241979920443,0.793745966356943,2.587709026719546,1.978919735957081,2.3967778380012184,0.9854850732954362,0.3344216683593966,Worn
35.164987234190534,90.95484730121385,56.89554832818507,76.21745871816447,81.18067183508863,9.43503535633239,7.733531134834296,8.388810805051211,3.668683942862294,7.608310300194505,4.1027986549410125,3.624911296047984,4.355982186092037,0.8502494645082964,0.3678981907987577,0.1782025263553717,Moderate
73.55207057935812,66.3791623941444,11.338709555257251,72.0616290663715,50.03051563545148,6.409522198481755,6.170765300062263,5.534899305004339,0.8845574068553652,7.2950382642938365,0.1818541687361635,1.1173516283778917,3.08220071233827,4.23607703315409,1.9055381847255848,0.2607056405836695,Worn
40.3482866212397,13.401522845064074,2.8782676313338973,75.5137255673619,62.03095513534647,5.098899482056102,1.0482264094076554,8.582913355531062,3.097645831851871,9.71297460306592,3.864032037043281,2.019417834430439,3.417904166623549,0.507040731187654,0.6647613538298347,0.0238856899371007,Healthy
89.67465499077446,21.07066650749062,22.75338769364633,27.96014326451318,12.7408071695429,4.815890551078778,4.06172012911486,6.0617730578176765,4.388478097113639,9.340768492714844,1.6746577647981389,4.233555611662595,3.871456451905801,3.22380357613544,4.352292083125506,0.2680877898029958,Worn
7.924960612992882,19.148961490811946,38.62363952990896,48.48587397161036,35.49951158139418,1.7722238330646969,2.9234742421515145,5.513375426990761,3.192110358872725,4.242372452952735,0.8578747188156799,2.9672586958528018,3.892986397536887,1.5619864193359745,0.1293019176929855,0.2540738175939908,Worn
72.2070938202737,88.61957804650746,59.304433418678414,39.15256981778293,41.262184084862376,9.89184164366096,8.740565631389789,9.977843878200648,2.446861881232726,8.422495851992341,2.195504028746554,3.656451930329441,4.637306401217134,3.75017048973452,2.209826776556912,0.0451387006172303,Healthy
43.60469741185791,74.86721752509908,82.79249545453125,77.1243074033178,3.881294781180211,6.491892846364932,2.44239468088176,9.035829853016416,0.9949941425661568,6.561618064448772,3.532043201377503,3.533497945143815,4.824029599244642,1.732494447601598,4.392952121879198,0.2533592545997346,Worn
19.26763964867003,12.907124693088146,29.785939839021125,78.00480870400435,47.16263651952617,0.0055418458525391,6.083194014000672,3.621487834802368,7.52310970673456,3.751763983131025,1.5543505860873652,2.2044011656743203,1.799994047198865,3.2416816007626186,2.3505988303323444,0.1777691458530658,Moderate
93.1554914309481,82.09810172991409,56.660525890546296,65.70304982341074,89.83864665840349,9.376821021594704,4.05521155203536,5.687691025228773,7.9065952604561085,6.971398139457832,1.184679397112412,3.504964469945744,1.7371918162423334,2.2793418580096727,2.78872570221448,0.1320656061016124,Moderate
46.52056122837182,6.0142342600785215,56.22968158779098,95.762528450538,17.530294235765965,5.517792837256954,2.740542074295478,0.6519280218469103,0.4992248566337909,1.155566988363388,0.4776982274865526,0.9700090720760652,4.233835997633318,2.8551419562522624,3.168162186330567,0.0634926452353002,Healthy
28.04632242046524,73.11029830035622,24.21834455937677,17.17099889736882,52.98338889620703,0.9537380789802752,4.239125874876323,9.151407395173948,7.241924466541549,8.156159153470275,1.9857345125993315,1.3413678317435185,4.670218963237467,3.410384090255714,3.3264069662827978,0.2793001300534757,Worn
54.64585417281244,41.719341856457646,16.02256009765063,17.093640242084827,41.814478816279966,1.834642539688485,6.790690989769685,7.633812597835626,4.293427833707745,8.616326062455474,1.541505519341042,2.8664868504333203,2.0478068014672197,1.4113553362455022,1.3759453621377082,0.1366056885211834,Moderate
37.21670238375133,43.2076882944196,43.940498969445215,61.29395824945255,94.30758377447076,0.122906611556709,5.936525794468103,8.867343919459044,6.706633160020995,9.82040087590982,2.084348916822187,4.141631230463728,2.325010065133464,1.47807180105423,3.874301343483259,0.0644495654667927,Healthy
87.21060637465811,28.893701665758265,8.624917130396492,93.6565611658006,37.8196349528219,2.6498077291688302,6.613482063119197,6.080704476990816,1.0814959801326265,6.560145795915063,0.784261459481852,4.746254098173989,2.548400667641656,0.9295391767697696,2.439951852877809,0.3277093300871087,Worn
61.585009805221645,63.50936508676438,4.530400977204452,37.46126146264712,62.58599157142364,4.346076538672534,4.880922602649759,9.274228364827623,5.209913886493571,4.875984380495609,2.8428607657010705,1.9255033947025848,0.5638527924457654,4.733836427484446,2.6510952391049685,0.0205676500419823,Healthy
59.52297327194016,87.19130612805056,57.69816124176819,34.54808537234457,80.30118815263205,6.893388222000828,0.6970774646896116,8.598514719156631,7.778121434439173,2.452299582316788,2.070003414423625,1.669097842763006,2.788698701655559,1.729787450300559,2.08204639738903,0.1434125605465168,Moderate
54.34058521982641,30.47609127973257,18.18084656669497,8.591038820282048,71.41191409249159,9.199013664369213,5.304106879754034,3.9674197126273967,5.350292127687839,6.282932284815527,0.1444408613598091,3.9042367240936873,2.6043852287905347,1.8526466638985573,4.826914881794121,0.2623394464123741,Worn
2.57424097472162,34.10478728306236,80.33045735180335,89.72984957497385,51.821831563592745,7.173277870408695,8.340422679266704,0.1313337370993372,3.5446162029588657,7.428166905773317,1.9224679070366,0.8062817376249248,4.103440041073096,2.881241250605939,0.4622998296137864,0.2884543513285156,Worn
14.161135061789931,64.2833390815738,38.1980045462946,95.68146705908778,32.997489529027646,1.8514088504203552,2.2536242532032382,6.61349840083063,4.687510604344141,4.993955991710656,4.364396566641666,0.4300909378184026,0.1521426783232482,3.032389236909438,1.6553066329744754,0.2983807219049051,Worn
67.41869488296139,63.326891733748894,9.949622618063811,60.41739381725918,12.096066223849231,2.0381949371651134,3.2456428425547634,0.0713002022100606,6.816984700828346,2.686677846278276,1.4132590925293602,2.944909217945979,0.7173862214892013,2.022415725988877,0.1662016249330505,0.2614530502230064,Worn
25.218198181926944,20.371739327766655,34.03848376775491,47.656794358001854,29.606551003894708,3.8959524843862816,0.1510744558770438,8.982730651101269,5.27043996828681,8.498022608023536,2.9388443383164797,4.809714835263682,0.5178927573539716,0.6078651008037139,3.5087949263947147,0.3116996319139741,Worn
37.45528870201213,16.68602016987528,43.05293384622075,14.259414408190874,89.00970351838083,6.827438396270411,9.407170796391084,6.634583230160925,8.712729076173947,8.27480959757006,0.0287663116165065,2.5243840071779977,2.44031229956736,0.8168201095045524,2.4725978148514223,0.0884812478122877,Healthy
47.46308757498139,84.41704489691972,80.56701529500532,58.535436439675216,86.82712805132586,5.902533652596944,1.918767131023568,5.811062446978964,5.0598332915706346,3.98641335196384,4.863097316114865,4.285589753119509,3.666378479169885,4.66873817624866,1.7342165228273687,0.0549195561738267,Healthy
54.80214972291351,70.27382992895869,79.27034057807514,62.91175786342668,15.265816454078374,7.167463829100775,2.996978313800045,1.6636272431172183,1.4772352839713163,3.149095475267163,0.469868722041914,4.874483443778211,0.5827203890765936,3.8653540628418472,1.8411509458041595,0.2947766484022826,Worn
45.55016952192202,3.082461869937025,87.92043375853827,1.301021342587272,94.47500802102118,0.7798283298998332,5.673399295689356,4.290727674550032,0.1761650714110729,2.359755771194514,3.244491989985379,2.1253537274420498,4.056931117939979,4.5945729849799815,3.0023290658812303,0.2780773873730565,Worn
44.91482027322126,44.01207709849362,9.113733908970724,71.86037406901956,21.37366879819107,4.902014585562668,2.4637139862798185,5.073435323222163,1.4184982191924211,6.916294905987988,2.137340727599388,4.200690821949747,2.6538097507751157,3.8242852455252057,0.3928579114583586,0.3072148714950058,Worn
87.47016726841994,52.8937134027212,93.90676985128962,79.87832357736654,99.79341105333374,0.2308548055177017,1.3338123663774282,6.546214957970551,8.022888163636875,9.88203492726974,2.689573500988694,1.089991521942173,2.789381579344252,2.332235448794456,2.878842907761422,0.0341668163958292,Healthy
36.64615348713978,39.61726916092554,69.54672066898621,38.85581012703457,44.86936226225306,4.027323698669662,3.4343058801949318,4.009027225791261,7.611105884852579,4.825384074666727,4.683860348435428,3.089993642484947,0.263872912996409,3.704313149808867,0.5504765263094319,0.0456253212470213,Healthy
92.43543461938005,54.90832225687229,58.29984797183157,40.165312576438026,94.90796031828168,9.24644712582414,5.3866995968543305,8.764084885794821,1.2485147843328437,4.9378877025640815,3.2974874522943387,4.539612687084605,1.1730797846261654,2.70550025863709,2.689957102666605,0.3308897172865634,Worn
82.0461290158315,85.39484630145436,17.21942674257543,27.096320787121957,28.562659968357707,7.84094700579848,0.2158991114267539,3.8351509451030497,0.6877060197114782,7.921057794149581,1.8347855637622736,0.4506743237706362,3.930541488791188,1.6193488395190587,3.3389094951510367,0.3170945585517589,Worn
14.284196481433186,69.20736470243689,20.62521138361526,39.1859373188026,89.56747776187787,2.657463761866614,0.9483043884410136,3.4685701092888954,0.365698123629582,1.864138471663268,4.397607962930437,1.2597010620455673,0.111250627476126,0.6790355278459614,3.295573709498808,0.1232767816164331,Moderate
48.8950926438452,40.74078813546854,98.65694907793264,5.592635012822567,14.21813763873516,8.3423842964064,4.762328135171624,9.877733321371224,4.396172300088649,6.49580944617839,1.3256920185402143,4.628256034666298,1.454947575262101,2.1819662971492098,1.7517070105823414,0.1926889600717709,Moderate
83.69278328446237,99.54836107332198,2.256858320237709,11.285814471276224,60.94677633666221,1.4002568946988558,4.008124443157497,0.752576013082058,5.452110788174002,6.697458074256391,1.88825475419597,1.763224032671511,1.6940521011533871,4.61547222941846,0.2437904939509955,0.2536996287377373,Worn
56.26887557907294,94.49474208215044,19.557064710152304,64.1675710161496,81.72592689875229,6.846716274158617,4.487407508475062,8.630259611201758,8.694591028404044,4.706912176404457,0.3295682335196043,4.41849962298768,3.7651848097545697,1.893257356261831,3.2010933309564487,0.3346322825275696,Worn
93.45438807155156,30.33855436291332,78.18909129968897,76.5858643884742,69.16556518665415,4.819442793927208,0.4247091048841134,4.625339853783005,4.189408420801276,7.79336265319487,2.5202259156173064,0.2983111166530244,1.9624490061711508,4.483890584346172,1.2074151810373668,0.1569261205767221,Moderate
21.60314403930722,96.72711903702977,71.51250198168879,95.71348325397962,42.71050453603432,7.761165984135006,4.31651762593961,3.3222776406628385,4.113226968232696,6.028447467863508,3.397270720249596,1.1407686412953957,1.2968626676209798,1.880612154611368,1.5203176875325135,0.1743774531398103,Moderate
82.16368977104716,45.92651971732139,35.77982653254418,49.42124472502999,82.82492524372184,6.484975975472041,0.2826470104997769,0.1491026415480789,1.294030005985679,2.516644350454708,1.7457770073392591,1.4547521277606446,3.0074647648747064,3.876644904767129,2.277014017748322,0.0749339492683899,Healthy
22.675861740051594,93.1490386918926,90.84101072685696,78.12906474056922,1.9401245618215437,8.970574683722921,0.171220857971619,6.98820581244282,9.547775524252154,7.062281699579737,2.403422681737143,1.492315183727384,2.085680714051895,3.324927267443401,1.0491301797435848,0.2419522035890193,Moderate
87.15368061523763,97.3488969177397,96.88778552856915,74.96518317429248,13.008624013063198,2.6518087513032285,8.352455477380024,3.270915060016386,4.880601562696629,9.411403351458404,0.951606115780088,4.358731885962786,3.787746785719447,3.613251673307776,0.4340228685731762,0.0353614616073182,Healthy
84.2165376650381,29.661248215709318,7.718753022646796,16.98870732190573,12.694441375497266,5.266893589263511,9.267128453077731,0.3161501127124211,7.733922246287723,0.5205239836730713,0.0284411176468851,0.6870493511699594,2.1961473858459417,0.7326827539453667,4.50831707338379,0.1603053220847844,Moderate
9.26254830513672,74.83843496762313,91.45486638485588,43.402097270875885,25.87116421554409,2.0482124707585445,3.0142491179855844,2.008707356916577,7.742605684324513,7.125779432472608,3.3490252061915977,1.271944041415245,3.7594489582098873,0.7655676545286672,1.9787530264299384,0.1136459039393359,Moderate
61.81557343181191,70.2464970544104,55.96486834869141,0.977084741918366,32.64613082439919,2.6248445471647672,2.4531049798597997,9.657915301069677,0.0823624159196012,8.797205330602157,1.381090842554749,3.558607958636188,3.0313303176618582,4.228813230589023,1.478292859215491,0.0309995521642424,Healthy
96.85373316998924,60.36372005593751,7.697946706496628,7.558361385406698,95.1423220845566,5.867547966913881,2.7457269567959663,0.3248132203589471,8.208533046946634,2.757296369807559,1.792128711900744,4.52774140801958,2.8358655009260074,1.0849887303015842,0.6139239905957539,0.1131998989816287,Moderate
89.85606046748393,78.3198413298626,78.03761235709804,45.79957590035715,39.80052929545028,5.60270075596973,0.846761552426899,9.037457706089416,9.071174191801324,6.982329898131301,2.938626963456436,2.890811002997318,2.717148406292964,1.693359624437486,3.532278426582903,0.0960926818694738,Healthy
7.680304831442153,35.466620498508284,55.06633794408516,40.320775613325225,83.36440104751723,8.694591165378876,0.7227201225523694,8.758857213669513,5.242859833747512,4.0826677392642585,4.737813199800295,4.121273609825039,4.86107325473135,0.8978938030526651,1.0675924522168212,0.1331749381403221,Moderate
59.24829939015965,83.55717050906487,4.366092871300853,23.663313147000885,88.97489902953801,9.336575454082716,7.47086209394825,2.3132831230695827,3.340007188265939,0.3580929441773073,2.5828066324261565,2.22121960401161,1.5557578913519006,4.170202048598028,2.3206960118711684,0.2591527429659437,Worn
37.72017824576387,80.1840168452806,43.45309633044954,86.95336718149798,18.06575413113032,4.012148277113289,7.955633625022696,7.636043591629952,1.339986812056707,0.8851905256306758,0.0552318002832419,2.3777977739156686,1.6802552312529628,3.3743480295182984,3.1917679207631378,0.1808026463648512,Moderate
86.39358074599548,78.15231295330672,93.08076723447618,24.575031218588784,57.69591501209791,9.854047834806314,0.5683906107981962,7.1782977614089125,5.810162362482695,5.005396771321254,2.857604829479801,2.796290065196716,1.535209627449627,0.4872797362236292,4.483911843315253,0.3206431740487531,Worn
65.87176387270222,53.22918759514545,10.326500887504842,17.252387694636205,56.79742973160805,8.521395638544757,9.648829941638532,5.813848953365111,9.086555613403595,8.085132732604109,4.109356774354229,1.630661635080829,2.2199431348438754,3.861704877769213,3.126961998567574,0.1289719666509187,Moderate
30.560421549021488,87.66507618282006,99.63343376272474,36.83095305068483,44.861063095454256,9.26557115141838,6.03307878388943,2.0315393718996813,9.196034194214366,9.149319017702965,2.931384242098092,1.2676933125958767,4.089232215302151,0.2737969305515336,3.495916874951477,0.0835301220235366,Healthy
77.5877254469693,80.7957328109019,76.77646177143377,11.396588711924116,64.39079570677647,0.8650926893974753,0.5694794869844821,3.743255646128538,4.638217187676631,6.091206222132969,0.9271562070236578,4.790753738799408,2.948321531922846,1.9505823864713403,4.007208473347532,0.1915994512703341,Moderate
63.56453219526132,35.59577734706405,14.85067816436808,59.64670754135437,81.43839206690815,0.4283732118899841,6.757909636279851,4.146901541657863,1.2409687610968234,4.199075476984676,1.4666375164537917,2.8476057331651674,4.915632049908071,1.087465914100572,4.92951913561732,0.1772305910089313,Moderate
45.43773345599609,84.4357082739616,9.808258078424458,48.82411370217782,15.004866469398426,6.9427474643586295,1.1180037123393716,5.6528895995398205,2.486918094711351,4.317168850266111,4.776433069247477,1.9601352803948853,2.63104338362008,1.7762143050517758,2.980656940641309,0.0497958965839456,Healthy
40.6082132559771,82.62173757752201,22.763253581939235,52.44363458577494,80.60967479607474,8.869339297092035,4.530240136012064,7.716407371953017,8.430434366717034,7.108756275835424,4.011216089949241,1.217154625049014,1.6239753270596669,1.7647936372966957,4.563692367155299,0.2684208801047333,Worn
96.17624783454688,41.5786062069183,60.10826653932156,70.9804713272372,95.05920130759384,5.958660535285966,9.29248915243136,4.452791168372446,9.83280602575174,2.9630204511928406,4.692960316909656,1.3710626918533868,1.09033817785966,1.0705420586399794,0.4261433021246913,0.3133672539421724,Worn
38.79727543978864,82.95658314283686,13.36956543994362,93.53944896677989,75.14233175313026,1.17676512645299,1.758578813161925,7.7472359330456015,5.138573592691225,0.1056712277444293,4.218118942948204,2.326535982093407,3.9252721701274993,2.413262091564384,1.9324799543836133,0.1654211345906821,Moderate
10.431308735188216,14.551548278735916,87.71275618985017,52.81892617563562,46.72609960075026,9.023079734420987,2.843439098197933,6.539436721799263,5.348181649431441,5.963276050038621,3.41521373542293,3.401363094829014,3.185172045363548,2.501123904677729,2.5973630842966284,0.2000227768504723,Moderate
22.77497361032096,96.40288471655136,90.9454610937242,72.21432354559059,53.33866287653626,7.0550266066313725,6.80213370933668,2.9233331128338245,3.303110053968465,6.815145354423379,2.811116249221053,3.807536548382618,4.330889608225262,3.01522284649774,4.0795229319072845,0.0701588725093255,Healthy
58.77693608621982,18.447625313363936,36.22354416522884,33.451128874193216,2.6196708532064794,4.530147503801885,8.77758342192733,1.0003167106715372,2.577400613115186,7.517989445187085,4.831553544462063,2.2729805347736005,3.931091153213021,4.585257960201898,3.416627162679424,0.0639054121767269,Healthy
52.74564637217322,14.112611829932186,0.0789511093218786,81.01400907454612,8.757456298623822,4.801734418595896,5.989666363238754,1.8037976887507132,4.796137541640833,6.580925609396679,0.97411831222466,1.3418292741912312,4.104735787274841,0.8149004812461069,3.9011668357590046,0.2820115672490531,Worn
90.76110025565548,71.40326444668564,60.79052140907037,30.93727178627821,82.37903842212947,4.317029786564191,9.693496144198251,1.4032351976782609,5.87366779457486,2.009740327912396,2.352324913088012,4.900463569296376,0.976435755080048,3.1822251392437857,2.877988743833977,0.08904692705367,Healthy
67.75458051837758,54.69288759854769,47.508987286676806,92.24342836561244,7.273494777866841,9.958564291781624,8.972965885332947,0.2108066042853695,8.586495789026309,9.194296005584077,3.075466829372008,2.2377324070711198,0.7932758498154696,2.6592855467858216,1.4075954623320863,0.1670276095130343,Moderate
89.7532326522084,90.77612436501786,8.741680787108386,93.64933313102256,82.55348415204156,3.6148842996524766,5.4487328428573525,4.875653632789248,3.811750009651801,7.188779803941351,4.652458109382172,0.3291150896907197,3.705677576852352,1.890541522327936,4.743903872495931,0.1938026313382979,Moderate
97.99703293588506,60.18815896363221,58.24226582072465,74.8073179429532,81.17697880901376,4.540553226095492,8.012099002436289,7.716681063107458,9.195306289128323,5.332006643690402,1.608852851242485,1.541908534298676,1.8136843406043823,4.998281544781694,3.889716514137129,0.078660746700025,Healthy
95.46376520064683,92.57885494945684,90.92650434553408,51.21699559338872,36.014211413893804,2.820676245442767,8.850537530299658,3.992391696691792,4.008933182666265,4.053516136255215,1.691631351441499,0.7536774174039162,3.167589784769124,3.370339470088552,0.7434615311330167,0.3505627245662694,Worn
50.51640182933148,53.13307926731758,80.55808264412336,79.13527236523345,58.13665572045748,3.799051886182262,9.581135288993192,0.6380474409793502,7.7373173693779265,3.096333237083932,0.3378526807599785,0.2205507974730952,2.1363595325167632,0.4857987172859501,3.723241204777876,0.3346253551898531,Worn
34.338670217764424,83.45717902556277,93.54845135274957,18.573307200518563,37.25089315534659,4.645384635244191,7.481102411599355,2.216638430873883,2.199245480393742,9.472270273467108,3.2222618208236997,0.903701532696108,1.287024442396829,4.440568275901885,1.633778376660076,0.1093340510930861,Moderate
36.005046590097834,95.6799815484286,50.04011457102012,43.27291360197047,45.7699605159294,4.110407805746115,1.6562005941017133,2.040730584018069,6.933950025983777,9.17045590154476,0.1000258221308425,4.867013044641781,1.1080362837119773,3.3195004605814558,2.173758631199946,0.075024284668823,Healthy
3.467270422606638,39.1910562943909,69.71636921379805,19.343534295648254,64.15044812562518,8.310844073565951,9.117377082773537,2.543400875776042,7.725264231625943,2.6547322499764894,2.2803386519864945,4.091922781797257,0.0851573054400178,2.910538415901112,4.403860543633444,0.142729477745449,Moderate
70.23987210805987,65.89018065748571,98.91253191087334,26.50472874092833,67.20595026617355,8.839018149601085,9.370546335657751,3.4093588031419566,2.970769577964727,2.340624925720749,0.2876499938604004,0.623989959930783,2.242845489153812,1.0564071924937497,1.434624709689079,0.2101462293900078,Moderate
71.70479387071047,8.427055918076555,81.18616998325841,71.89069446047903,72.96066492353425,1.5509427086070948,0.1521652969097719,6.902333334145232,0.9831146023723748,1.154336399835092,4.531144685759357,2.7241520666489256,2.3271220687093863,3.935179210976382,0.5072174852089228,0.3480907985805124,Worn
46.06849734821338,89.08241315106275,9.446242580108688,98.88757121375431,94.90693936454213,7.412376971371934,6.070579925056904,2.9146702409733702,9.251548183905436,5.518799421186391,2.3341177220365976,4.901491659931031,2.772803568813873,4.691226767353993,4.06684743156528,0.3366779979902853,Worn
97.79934237382346,99.4287985761059,55.56171546824029,17.014274017715792,31.61048879408956,8.892268915849872,9.895632818291398,1.1583465834136977,1.29954904076921,1.3032411356012108,3.704966257924868,1.124084702947327,2.948855228272063,0.7671851460453016,0.5135084568068554,0.2906875306930654,Worn
55.40583834602108,93.08328641758077,0.5348988694222845,74.82388061809002,90.30506531025154,9.004053185650672,3.070824130833412,1.8669429746141208,8.385776663714248,7.417833308897032,2.640535629875276,3.1005700608431264,2.0187039825074327,1.443334138340831,4.046586878127787,0.2646652884453651,Worn
35.619394346137945,69.70130139342629,56.01159830093484,38.64625643279352,42.02496018075419,9.084462056904016,5.2391167670439724,6.079882311965377,9.965220719246725,2.988202348114175,4.042452270955672,3.914828314003164,2.0726925642562914,2.5049008171645144,3.502425050249065,0.2395677335891358,Moderate
31.130769915600364,61.03337833109184,71.61506742231936,27.262400073353376,41.35491015253516,9.714018486086465,0.8368098824769732,9.012240229777891,1.261026959874093,3.929588066366823,1.9723872049105933,0.7974531691560499,0.8804824013372953,4.593822718471131,0.5530287597033223,0.0720883290143882,Healthy
74.43682043039907,61.94450738181533,80.30756423377449,43.180510078591205,78.580848424435,7.790979397931701,5.009294044165054,3.6383271026838537,4.320427135264763,3.884078338719519,4.177550772910298,4.40171370714658,2.5065584993751022,0.9330310883101522,0.6355948451985427,0.2931902594500991,Worn
27.70692497133996,94.08801695592042,12.434584143087037,87.51336186211522,97.09402496046184,2.2655384852629123,3.951491084976367,6.537896508367229,4.380317831344697,7.759739087498882,3.3505372467221743,2.44859626920475,2.18542932979713,1.4512832021793032,1.9129675725050224,0.1504142448440352,Moderate
20.0469047766359,41.34657667101601,20.62027159017789,87.65604907887176,15.828625605909806,2.339964787906278,1.8366153878188571,0.0995362571336433,4.716430971017235,4.286455693151828,0.4643116715662537,1.217062160400682,2.297661365129965,4.534053024906414,4.360093779603173,0.2847589389322842,Worn
20.88827240051637,36.87071708647952,36.98132559871766,5.2355020187472405,76.75676285179182,3.9460495166124057,1.7984444683554124,2.8509949938299406,4.550517048081386,2.906503293653684,0.298369301685536,2.360918033172337,2.583803171483998,4.273416040464342,3.6617453482394895,0.0919891488159701,Healthy
25.327238352271507,0.9978776658449372,72.3443662354912,53.56565993475786,83.61177032072487,1.6789269180501332,3.268203062517321,1.724518398764654,6.013083638147041,7.121879819794923,2.5554510057820927,0.2912172638573562,2.8169446529841564,3.987604996590047,0.6607809865216135,0.108266051398144,Moderate
88.12506816818897,35.01865243319611,8.325765805063213,72.45579091588182,31.1512299013986,3.256447769498927,2.362469677151146,9.08382547371264,5.026493346222822,6.561370440820199,3.0029919113583508,2.8722731914539787,0.4093220199742281,3.351326723568925,2.348875049193456,0.2247749384122679,Moderate
81.79670241190622,83.21341779577419,50.74677337608362,0.638587171683358,28.70381331749128,5.339565469349338,0.6168029625309546,2.0874588239862923,4.858205588603991,0.8597373527921159,1.623344389467292,2.286599781053555,1.0783157990870695,4.330532806522711,2.930751620815132,0.0532273178902979,Healthy
16.893506307216455,27.85903390319586,17.70104842767468,8.87025337570556,12.06358711006008,1.93700292785702,2.0838367900882537,6.613039622868667,9.11256151834288,4.0375661047834654,4.255985437393808,1.5779941764278729,4.820141454162198,3.446704323381063,1.964700639087002,0.0261257619738051,Healthy
76.576332104754,9.148295792964712,51.38758347782336,23.15829912889994,18.121804361361725,4.620598018946303,1.8489739522319937,3.057374740146237,7.739607998232102,4.537489539375514,2.0483853791158744,0.9073242663001636,2.336161911548907,2.844749853816829,2.263833046390378,0.3036595286203501,Worn
5.383052490845907,18.987532909592,3.895784634846422,39.18108946171717,80.24017844513243,4.337270626460162,4.572997979968979,5.50944193840603,1.05582712904428,9.914018630496114,3.0493856365405296,0.2042022147499417,3.814144331971472,3.209437885742396,4.819444340552442,0.1686778671485801,Moderate
68.01118854469726,40.81516908666981,1.5394891691308477,58.29260568042631,25.310153917960875,0.0410145043016707,3.4293511583670533,9.688593354677884,6.949674606058467,4.01325443941224,0.431365788667728,1.7940194028443346,2.06024612944693,4.176186584120255,2.566962010628384,0.1080686363184643,Moderate
71.8699265972796,58.62354987807616,49.23670487012489,19.23157727843505,46.39362634548909,0.3735163481581283,5.002645074774619,8.544229603276182,5.879742483703485,2.7687051696515663,4.934152171530873,1.4265968064401868,2.6571844634304904,3.716186263895422,0.0674863544213533,0.1895644590613408,Moderate
12.188609333694757,18.11493495346803,68.11178539649828,18.14383476956269,52.516338366706016,8.514386963311143,9.062542367378684,5.063716735451454,5.941046382754252,7.081473345985572,4.333913935578285,2.721223104918073,0.1952808940821954,2.3223807285866918,4.087247572381504,0.0589952487937294,Healthy
98.23786169086064,11.203890216805236,39.78555990457416,96.94704332753687,86.55071258939803,7.718054684782346,8.750345312452586,6.141627026161989,1.881999816798623,2.8527799694087976,0.7555007958729931,1.8356454471845995,0.6245195266210146,2.0241606699261268,0.1983065248713522,0.0183885271948148,Healthy
7.623921797356448,27.4703815047892,80.69654908839937,45.96648704026613,54.65771420322949,7.177033617093369,6.113055170553867,1.7853290453971482,3.7614731001049018,4.67838013124715,2.2562252668272427,2.002023686050185,4.588629045456178,1.7958517558489495,4.281134708815416,0.0775202619186153,Healthy
76.36104796141586,44.73324266661878,78.98646210355388,61.83463070454575,11.309973942382246,1.6894409145158495,9.416948315016594,3.2000488576134813,3.3395352328938985,8.398580033995856,2.994418247851456,2.539224266120793,2.3882518869914704,0.3094010562309957,2.2721743328739223,0.2872213457446226,Worn
66.30471918034225,74.18963269587151,84.84253790905247,42.262919701360914,30.293090564042924,4.99822257748589,3.875663382998322,6.13072309882715,0.5596555726200703,5.064611187670799,3.012176277952202,4.8781935954881686,4.6889247840080746,2.1384975736935936,3.617891058205746,0.1033737953422856,Moderate
19.12891566965144,40.74052716113488,93.69492539086954,37.72519857156954,66.4074121199834,8.906403862806172,6.225784902212988,9.901984904623571,8.193698179343587,0.4430981123832622,1.9487370733683047,2.58177081333248,0.0546419948387427,3.9477530078988337,1.2974385368792647,0.2883001819619971,Worn
21.491263703639586,42.48508428680869,90.7838513883534,50.70596467387183,18.792038081532304,9.011891219546015,2.608351628039763,8.678285021649327,6.442414008259819,0.2034083106760098,1.8239190668512395,2.8034890873213305,2.192506241372885,1.4330777922486382,0.4770171710257931,0.1252844249598058,Moderate
17.689695082398394,98.7336158579546,44.41035569066186,53.187176650501655,87.36185287372153,7.741715000229291,0.3042231439328424,6.729504002463687,8.163977263615706,9.322678388381672,2.61086402242169,2.594869279721938,1.9322418722717245,2.343450336145705,3.177062915676752,0.1597290953206539,Moderate
35.81627180328405,11.355759219962902,67.15731955927996,52.03077009037933,77.23183917356393,4.094707418887772,9.53072768622137,8.654294050826861,2.96501571023939,1.5928303734945848,3.881837308995279,3.939481565223615,0.1714256779660189,4.532075663202196,4.592258359635611,0.010326729520608,Healthy
84.29454824561972,44.58866198598079,70.85835457678252,73.18727372865008,17.396370590333866,0.6852598759698814,8.679939333361105,7.925871600335686,5.74642070621839,0.8366341005118316,1.3430581995523043,2.4725198197945253,3.4847181291985176,0.0594320442369183,3.1873352940706474,0.2170556235383771,Moderate
57.314924798124565,92.57516930553057,64.53456232506079,41.473580252999376,93.03511771330678,8.083263989215645,7.490080542484781,2.029694141641833,8.622925295542114,3.4254216565935094,3.987164108268801,4.507348306535476,1.071239244710367,3.34075216058104,3.6923170404082,0.3257208878727611,Worn
24.599974030679515,53.20868239380113,48.2356208582753,70.28664440501014,6.801023195242051,3.851250709192222,0.0354899186477131,6.134262615212319,0.2977190740713198,5.041484897283163,2.441847434774255,0.7106351845793829,4.422510406132464,1.6933097311823624,3.494296152649471,0.2585983214516,Worn
82.71581484276234,42.50024141231975,27.544667979050907,26.503491814054748,53.61922792822041,8.506005483015567,8.034235690981628,4.880834771971446,3.814382981490072,8.313762837143706,3.123869585165844,4.340880263571441,4.194321155156247,1.8639137997092992,3.7261692652849456,0.29214225699309,Worn
49.65154222306049,12.331849107529225,40.097032668835176,35.07097879920843,77.28400834265034,9.677543233731216,1.0150385830353548,4.97746816956376,4.280477919420747,3.2602345227798493,3.937128696690917,2.2355570374089124,1.6161678853392714,0.0677216196220104,3.985525111670468,0.217657000902336,Moderate
35.071181545171015,76.71882889311269,40.19309136092421,47.98756203039088,62.75054632183701,3.463635031084942,5.993792222611018,9.37144966815122,1.6704178133815262,7.176455863427426,2.754811107093621,4.80053519584281,2.7609305446736805,4.231160440624336,1.5991014340042329,0.0354481680904352,Healthy
4.188039383877551,50.306832263202814,58.42247888317181,92.0196986074274,4.915852362142759,9.061375875672343,0.4016781395058122,3.9751575154123553,9.47805018362468,2.4965009275830274,0.2241335707674929,1.4581094468372235,4.047112688480214,2.6012228330509712,0.1768960758665999,0.3181781490844913,Worn
26.814322961192083,31.5668481164066,12.525123109620797,65.55099718461126,3.979712733565255,3.413092404898934,9.66614992264214,5.941593578796515,8.011555973011573,2.645910347687291,0.6301901533439569,3.045294580970741,3.0354098196058628,1.3009158554101723,3.635900739729896,0.1799563663794554,Moderate
99.61576734987788,82.5415664123948,84.4871347755229,24.90087361090899,57.67023988577563,1.7661369257412285,5.487196055830495,4.8106719084747365,0.4585201837470154,0.0725242801514447,1.370239040989677,2.0080928703961853,2.066255016166382,2.4563645905223592,0.8368642577006802,0.1277241606478958,Moderate
34.51798382956305,10.648176328470637,49.18568713931474,76.84677956641337,22.16473146175592,9.635501381630547,1.5816989040942608,0.5247768082940385,5.7912518520385925,9.834932057997747,4.644753348745429,0.1143897261095172,4.606355913096517,2.945914963060314,3.873710582564407,0.333992910647845,Worn
90.39816965892852,1.5643295307434135,93.38587957857392,80.97885286881046,83.72191429586987,7.127530020599315,9.853851402679055,5.413013162563218,2.713690150250564,6.836725217395068,3.167444759188544,2.024328121087997,2.323718921497325,4.007152031226585,1.6624968633981918,0.3122510862916138,Worn
66.90223373291083,46.22955610006072,41.17655415845085,65.09734671509541,54.54318694069055,5.098740563064029,8.108205378381513,4.370780827574751,1.238805652955619,5.644418416538133,1.050588431161793,1.4204503015940355,4.602233119478928,2.135719625549892,2.9349274150339477,0.0757577090470891,Healthy
11.323122325912538,40.63664052774615,48.50729091426954,54.08270639715397,81.83606413952167,5.811479149732604,8.147686813470248,4.231181975477304,9.033146675661856,4.833182215522534,4.166136041358954,1.0903128642703497,4.1663684210655925,0.4728048763373399,2.0191484822233567,0.2257769714425199,Moderate
3.926941424165231,27.199860534435604,0.6379043406590679,97.83547870568566,96.57472098197476,8.487363277539679,1.391966134168856,5.802189636905405,8.88107919011472,4.735396468988905,4.856648501061599,4.391293457195732,0.591836197877908,1.6925684438532862,1.279115125240209,0.1338642870293045,Moderate
8.9652231235679,33.735907835727964,8.970091901484578,96.15437228811096,80.72616493262504,8.14423567079152,0.3218440321540217,0.4773378967875608,7.893829606886293,5.330788223246319,2.591398812245964,2.2651728417786594,3.553127261903529,3.009624763034859,4.853570272106673,0.2303087266206387,Moderate
20.229394915820365,38.67070570439779,5.115020562039763,39.77934409290982,51.170744711470086,8.748819674421442,7.06529632303191,7.605020044172398,5.231780098395007,9.242377008141329,4.20202549222265,1.899709042090143,0.2242021841995639,3.569237248143634,4.648432262320754,0.1651624888796508,Moderate
8.559955282276832,18.345788475886504,75.84036730342032,2.198652203932361,81.68779858937827,4.084187074986926,3.0160356629716456,0.8022429180102997,9.394336228961874,5.485389920711889,1.633643452937531,0.3515829635887701,4.448551367379244,0.9937623858428912,3.784500677143694,0.2915002424821797,Worn
8.814224339079214,41.366552358320696,75.0160832954601,69.3400853429044,99.0642737172179,2.513740072904138,3.093267742168119,6.16838376784242,1.725857940492721,4.13054347953398,4.927887172446096,4.209466430003363,2.1157580875686954,3.699081671941051,3.35757621848193,0.2093277503102845,Moderate
2.5769598764351143,60.3528806501121,65.95059816513272,68.80455570741289,12.038757878908902,1.84945337211732,0.3893370728937118,0.3598982886866786,8.315694983648616,5.914499314430248,1.7381390071949716,1.2683807579756508,1.2167725995914114,0.4988401692540317,4.0861320954654605,0.1376275421886406,Moderate
43.29730498397063,7.102456764932663,48.787660599805946,70.21643286483125,51.32199758278188,0.3672818890591556,7.989625252569712,1.37951010468357,2.223861761968884,5.771348348692575,4.2355661174546,4.688566418264873,2.129051548166274,4.659770241767578,0.8072954742887728,0.3245096732536794,Worn
1.3281203458580082,54.20152984797261,45.95629775055219,49.8967944220793,7.221318533518795,6.085123425253467,3.9348055058862617,9.64823125472248,5.716823260992711,9.3778763045879,4.217821460706545,1.7772900024123732,2.0943485986361026,4.159888243744186,0.4530150800267901,0.2266713815226959,Moderate
98.8420993963481,97.72799325664472,79.38181039080396,65.94229620819976,57.78070502510847,7.683649926926005,2.8882942991960867,4.090077367362732,5.239742026857139,1.348748464080477,3.2745176614257003,0.3874801083087109,0.2901481354714036,2.425934681044246,4.788933180550508,0.1289477003117267,Moderate
30.646346804282032,82.23812111853543,5.697872699736828,41.860727491833,45.8431424131438,0.6387578386188841,3.564178551577876,6.010767990063926,5.561155414872131,4.046554179046665,4.936801022676671,4.267829186056897,1.939831666919121,4.569582894480165,1.7131769581408558,0.1380278828831051,Moderate
51.24285513766564,67.27136115004362,38.71305089711483,25.13076871421568,16.62005368087455,5.219299528037602,9.528045855639409,6.038953001447722,6.057718366223738,1.2802476286107678,0.3216264174122407,1.6076495125702062,1.757063205649834,4.047799117383787,3.677384460854615,0.3370013870187885,Worn
84.14397599562447,61.76945861885908,64.44231696298166,2.8337450383384644,82.85302595815085,6.594796782867858,0.5924845239972754,9.57604371116171,1.4778413347831776,7.455679517353511,1.2046279623578904,1.2685190375607274,1.9143139834747147,0.7250608369814265,1.6882785659546178,0.2899512612493485,Worn
14.660830036000316,15.966634936715074,79.00832499714377,61.629074835414464,4.486055762771701,9.482445357224686,1.1580488934740774,3.3466500998454487,3.1954906287840656,1.5118291933725423,3.734491676209168,2.916478983050068,0.8758308207539334,1.702460432642671,1.5888718751334563,0.2039404409515749,Moderate
78.67230147335408,50.97260752881797,30.006708290543997,15.126428446267592,28.467473884646367,5.281400572737537,8.887277285517147,3.805661329472163,9.085240305005124,4.4136756031978965,0.3700999512794706,1.1811574765494393,0.2885023474552217,3.0930597994490343,3.9785880073305018,0.1937160809985744,Moderate
54.88586650773559,28.76327290436782,30.67765995221412,35.29585034523566,62.12924490496101,5.655389146196601,6.373048264283244,7.394179136658656,1.810503604721475,9.590070867644345,4.957002707760678,2.63329913055708,1.4402200489242527,3.953884042862895,0.7965536776250748,0.1271622429690302,Moderate
86.70314961224486,57.86754085723934,43.86154191895905,72.52576604151365,48.66689414247029,3.927609189247192,0.0437398228300933,2.73871819705371,5.976289931955599,7.99265965959968,0.9671479583997828,3.4072293805991043,4.688268927789891,1.059332698661512,1.2799781026328856,0.0667141197564281,Healthy
93.44107945712148,4.846423247582232,21.027617790186135,56.5888605101759,61.55526231931792,6.615820213755933,1.6285829163782772,7.343234082185247,7.270124546997239,4.250681736160074,4.101502976413126,0.9521473169488092,1.3580852635748353,1.4787584863176502,2.540402680928368,0.2349063133256898,Moderate
75.27166395576413,15.86051052930737,88.08707591989284,87.1843527745232,2.9247283034559146,3.098397715276783,9.4304881063762,1.7963382637214076,6.627224233681778,6.721050670137647,2.6756510015984647,2.812614218022901,3.500647812279764,4.984107249480913,0.1682191127188104,0.0299127710099669,Healthy
92.83185625877252,42.81841483173143,96.66548190436696,96.36199770892529,85.300945546736,9.669850180280374,1.6007410548673062,7.873258374573952,9.841649594832148,0.1990148374007783,1.213356751659023,2.6287395704763035,1.167559292966323,4.040057100483868,1.9348053975886863,0.0091371859309879,Healthy
50.74119387178089,87.42225246851758,49.35465803401187,70.22587660316643,99.28168389990704,6.144810082029824,6.796751311406348,3.5121963066756967,3.138793734837649,6.842096705883705,2.1624169409972103,3.140272655752126,0.6137047322949141,2.570262276467738,4.925477616698989,0.0764281115547668,Healthy
3.437685835172521,63.89630219732846,8.14472128911592,43.50145943402234,29.265509766740784,1.3043945453334649,7.975655525345219,7.098270749198761,5.27436084929228,5.1455309133378,0.3072395802212946,1.0926300037738157,4.465759094262957,0.6086728448462525,3.148128591320842,0.1944446231533268,Moderate
58.17366474211867,40.14617790890432,33.80844093662614,12.68240225504188,39.17424505622782,2.0388647546052385,1.8705683602638037,4.890173803465943,7.979313675113156,5.68970033761241,3.749587110358598,2.2940646412071706,0.8172555449046348,1.259626851783212,1.837697943260912,0.1336048286860451,Moderate
70.51391455705634,45.51719917336564,66.7760591603153,83.73670797701507,16.972842857692317,5.811223999290556,5.298991758050075,8.434404436647402,2.349485628333927,4.424709269935184,0.3262022708774159,3.6300369232759793,1.899874622292041,4.421930837269292,1.26085552832593,0.1123094699202046,Moderate
74.83752494281826,26.203500450687457,88.17173063953962,89.18202114066128,19.644131522278585,3.3028701249211023,7.248705057140667,6.120038973314457,1.19778379883561,1.6332240971430856,0.0556878823608653,1.6547645257538894,0.1524969482394067,4.13987458039019,2.457561286131258,0.273243371413741,Worn
52.00826832165839,83.0250192781385,41.92492493189658,19.39939562233972,28.485267661061364,0.5815302798985011,8.521327196193862,7.304362943536913,6.986153060111208,3.396763385456688,1.415980029037753,2.854242154698345,0.2976803276707529,4.800224205841445,0.5496248664958431,0.3270725462920899,Worn
63.27118787486009,70.38570916343312,0.4363269650309087,16.69530887471987,71.30460506343186,4.90119236126782,0.2885791333612453,0.6419548599781433,5.379230312678858,7.1878903482002565,4.286673224614384,4.082836048696189,4.927481356960428,4.682524904509227,1.7809858195946404,0.0837252981498983,Healthy
55.96403313082179,15.52402459307125,18.19281304952711,86.17856210135173,94.61154621336328,9.695265233240068,0.3868495825719154,7.53503901107308,5.25102398142244,3.686206524982887,0.4478816864721452,4.403094160808451,4.483429947529355,4.358695439560823,2.5548845781277816,0.0434100729764572,Healthy
14.122354337314944,57.08774168394763,18.52703553833237,27.86430631150364,21.87098003235832,1.8669898487717276,1.984007292457164,4.724603288539476,4.916133448403307,0.1843420970074194,2.7052561141529017,1.4692145937983263,1.3809190720325186,4.346746719065409,0.7252532040071313,0.1416295971923036,Moderate
75.6751505688635,51.93858595039374,20.48812741507125,87.78300781520409,87.95818549515292,4.637805973609228,4.15078129007799,1.4909567867143392,9.578193238132592,4.043124312197588,1.519618418066332,4.301766737518478,0.99270101413947,0.0173422962174768,4.354136551258173,0.0725740585930154,Healthy
93.72284872364511,68.78857223008133,6.78370591051719,30.096356694681624,70.81720886452815,9.901917892516718,0.9066208850933832,6.672448286332395,2.8339769457059383,6.4009039658617,0.8045264198175017,2.5409244164343514,0.0585131340544631,1.5048775770520455,4.66814722016532,0.0464375107681745,Healthy
70.44936364116847,45.38465638069116,54.0610994324729,84.9600174982458,48.01349396383732,5.654721315502504,2.259527108532539,9.180765622686414,1.9118303909731629,7.949509328246771,1.918519497818548,0.7305199978783294,0.2219827958481662,0.7969917033621543,4.787569821608083,0.2383491312873325,Moderate
85.87449685295802,63.37832847472876,25.320116336997668,55.52958253281813,52.75796224253504,4.232591427658292,6.181522902595573,3.416160624673348,0.2886483945803075,3.950885223566329,0.1785435485408593,3.401102019293196,0.2214676320170899,3.910282344344116,1.9047508636759716,0.2201032394387963,Moderate
45.28248052843268,27.869431592852575,95.887187319041,14.281430447286736,57.9829576047725,8.381759206857385,0.2163932494516374,2.3314730361808653,7.573055953348754,5.861105358981352,0.9306112226437802,0.6347126579447149,1.2986766523337394,0.5175663450834128,2.566970357925237,0.1762430150473516,Moderate
87.14605901877177,80.36720768991145,18.657005888603585,89.25589984899777,53.93422419156507,1.716939931284912,1.02534538112644,6.125928082758765,0.942103636124938,7.542823330352161,2.939711191941323,1.6548803471873563,2.310423023124484,0.390607153948721,1.7867434583229624,-0.00125379289428,Healthy
34.30440057930102,41.07004005865432,72.04160690923429,51.15361942347918,94.3565217156977,8.900072746940577,5.353975274254768,2.7729085626842345,8.800767088838445,5.414728274130871,3.83173981915528,1.843934199474217,0.8289189311436196,2.5166062962269384,3.260710308056931,0.2974610726779774,Worn
69.59742060936979,40.89529444142699,17.329432007084577,15.643704267108603,25.02428981645953,5.321111338370037,4.778770771227307,2.2349431425584,7.05595789776492,1.908094914463071,0.0180211994414358,3.9084060397980975,3.496373976676951,0.6428413230148444,4.924521245674562,0.0258711207898357,Healthy
17.71497894473859,69.26259522261645,83.81152896481102,94.46142194740231,68.32480282896458,8.31640040169331,8.960283653249931,4.146200623964779,0.177044450732372,8.617738397893547,1.5022268977501123,4.523367187658684,0.4524314592477635,4.349120044435157,1.883526012079613,0.0561302417267887,Healthy
27.4055220687206,55.417800251579344,65.14203883518643,82.97418037072016,20.64212717606032,6.223153564542643,6.616750607175304,3.110417050569839,3.2001098924706337,3.3949391505994275,4.076682387455495,3.763133287171412,4.085198893045896,3.329282720289386,3.676726609071011,0.0359463667957718,Healthy
62.26305335986581,97.33826191648213,46.50095175264276,84.73879305713737,6.239406859827723,9.299847831341348,5.5175088293955135,7.96345775479649,3.326545009050512,5.926586478854467,1.0247883111614031,4.871518702517968,3.465935018936972,2.807245086555023,1.8348818669822504,0.1264032359226427,Moderate
88.65895961689463,75.16797670314233,42.286840905908704,51.71503622838773,36.99988859599775,1.6673324780534329,4.458217820716792,3.4017095038848955,4.67658124188041,4.2917202775906205,3.803642735277901,3.3058315463388825,2.4844437415129117,0.0108689189079375,3.067338002760419,0.3196172027890121,Worn
75.89768318540307,50.0619532333931,91.17851123817714,14.661455715984228,64.59278930230393,7.889771878522938,9.300268378881624,1.1790631182028422,2.319849849836884,9.037249203738076,2.119373717172323,3.2770356160729324,1.3658152804011352,0.2548838173433798,1.8663930578635977,0.1938928843703553,Moderate
45.94467684059866,78.50165438370568,89.20846889402344,95.53346865039283,78.6903386255295,0.0834973751376966,1.1035505655787547,2.394887145701299,2.212215141822992,9.867965941798968,1.7836566405615273,4.927873149521731,3.5388015291270185,2.2446572271675564,0.0605763505480116,0.0620556288864979,Healthy
2.716742122555982,6.5204591260492055,46.39313768123328,90.922020586156,53.87017979527143,5.809138982462784,6.255895834697527,0.5172088255465346,2.110383302086154,0.7433087235358016,4.461399429282409,3.08469569024024,2.6364336201684213,1.6280725356373122,1.2185584814059292,0.0704547227853448,Healthy
62.8206597093044,12.137192454861967,98.59341686249178,78.06820746878623,39.023854958399504,9.453581344565324,1.437851730161922,9.030130391680924,0.835822220003557,8.226249276785602,0.4831073476854663,4.4733286032223125,3.385579858907964,3.2405520443814573,0.2945125760598899,0.2222585460429674,Moderate
5.363479152083084,71.74649906119122,47.54757152327337,84.90980199586761,38.3397141058259,2.184382449886804,5.424101286783087,3.711116637765881,6.9749903603709456,4.757937917347358,1.2751783481823002,0.8893531676711403,0.8653097460035247,3.081977623884296,2.818024612770808,0.1669715451273008,Moderate
33.424389081696084,77.09122037458219,10.65982531337718,7.513778173580876,72.81887562036033,6.926134434251007,5.921901804292182,8.786975838260759,3.568886622804012,2.998857400558049,4.60131298997477,4.027634312025167,0.705394607596872,3.8466225195184034,4.565165490268954,0.0261042906220879,Healthy
87.5883083517057,53.90945527360087,28.24724263700037,42.52281854376939,3.757109039890738,1.069256024472448,4.937988957157461,8.739980116130832,8.872910017773295,0.1096591605644725,1.201869770157331,3.4198933841020533,1.4749647349198989,0.0449714640871556,3.166789559865477,0.0863797268783282,Healthy
85.08527573220954,28.613504245831432,64.04472739932528,31.416206383697208,95.7971066482454,6.1635632359902495,6.850299492691885,1.9776762761751845,8.19346148721771,9.110851315740486,2.678455853214678,0.1558654115886543,3.431505628718117,2.4359588764422164,3.954826994343495,0.183552126528233,Moderate
46.43317447951528,25.339810755937265,50.502804614876695,3.0496547852754463,13.181037349745916,1.8828034889732204,0.665719473024351,1.8873984569850728,4.105329264558768,1.1819681051498545,2.439167363739217,1.7477905625551422,4.684844752169305,2.8126514877819098,4.214463369734483,0.3204320214997066,Worn
45.53184100619284,69.80743384786489,38.7952168654892,15.991324502412752,39.814949352290654,8.679111317392612,6.738985378607202,6.642179722788823,5.976821280278076,2.029258857019882,3.899147530915221,4.606588820457287,1.304632328588025,4.151478248014699,1.3394781345458828,0.3300010211404628,Worn
97.91049380151546,63.41421382957368,12.626474156450271,67.6177562075434,32.5104015431699,6.140311984486506,8.608550280434487,7.532134387388773,5.534000268334149,3.622929983164862,4.678096781643285,1.1373782332314564,2.0461379704204887,0.7746484342236165,2.678983230934721,0.0734279978827186,Healthy
69.81617140197451,53.60963663441204,30.95276162863277,81.37950197069486,68.47311725538793,0.372538806141961,0.263473321939176,7.3912466713654625,3.180097048142981,7.963001859676636,2.164735605977011,2.4423474112496764,0.3225630536901691,2.429908922820514,2.131598334021574,0.0093219039450766,Healthy
34.24752191863042,10.796244811083556,6.964586774826564,58.89360225625479,52.06553537341115,1.5537035593683213,4.143831693562766,6.291131434804304,7.822290004721234,6.850451757086196,1.4313509236979405,1.211088218317962,3.407201327319485,0.9757653028386044,3.199198828048861,0.2946517224116738,Worn
2.4191763891355245,83.16970436757735,27.30708099728124,51.80787662388154,29.872557358877305,0.9498664497731212,3.2076441402170017,3.871553940539832,6.225937965626899,1.5813264571936458,1.213662762248856,3.039270755538957,4.849760239085933,4.937769144307827,3.2117991185838908,0.0831884565571083,Healthy
96.72132068082684,43.865538135037454,39.33528387477618,84.65507758198628,42.69053206363036,0.6366333324100759,0.6583774216430249,0.4274460652460898,4.091454218740372,7.1840627769836,4.570077460182756,3.2131137747400795,3.371628622155256,3.607022066919773,1.3025122572703256,0.3511444254944117,Worn
5.784267656339637,96.91026301408114,88.37858849634257,92.77522831952128,99.49078226464351,2.725476478930291,8.749894950244215,7.666226651744862,3.621787575581461,7.341245436569687,3.433796335412324,0.2923963180795569,2.093018086919841,2.919186302511623,0.3302276865300346,0.0515141196116325,Healthy
38.81330810022493,17.076028345038562,22.683710232549515,57.550101846905896,42.34388048997925,9.890392417557957,8.309561775565133,5.889725888763422,6.623716243962489,6.48825876500614,1.5438788818099876,4.893763578597545,4.663655427547436,2.872550497624311,4.905274192051549,0.2745825217532024,Worn
67.86600938268971,42.0896528759226,96.14175778465732,59.92775178235918,80.74779356519089,3.0154401328886538,4.540761443123418,5.261427596891464,8.505066043781952,9.31607495147661,2.7303124831522885,2.9037438815349037,3.999291108764456,2.6442168710937968,3.0557724511315025,0.2691093447325752,Worn
52.70709385134583,3.8202783757391057,61.5214896596914,82.80432857742522,15.750054807580383,4.571205742680441,0.6800028364757738,6.825781370900828,0.4664145092581107,2.505015968847033,2.240347015226732,3.029804037453973,2.734434500144264,3.994222936485874,3.755059561557363,0.305479930898431,Worn
14.224936868719617,12.138493942242889,30.327514756759555,10.10458110106467,69.2161341694132,1.2108129824146274,8.646591138898916,4.934442792827386,5.721468777864002,5.694326830948546,2.723877978360119,1.6576384551574843,0.87613756508515,3.84240614643653,1.9998807454357104,0.0712756603074406,Healthy
37.698616728684165,60.32130620995043,7.971507318728499,68.31142857230465,93.2566708705961,1.1033477382520296,0.2748519482937095,2.7369551596634887,2.693458790611043,8.193187623469647,0.7175983207112813,2.3223663097983627,4.7563239949186285,1.8039232079576448,4.387420206587668,0.1685676310595274,Moderate
87.43073341370805,83.06227604317912,22.46573976417666,39.933258019922256,40.96728692925191,3.2255923663326835,4.244338888575791,1.4556775865250116,8.311389644353826,3.4869789536163665,1.2883095991834264,0.153252953536162,0.628312748057529,0.6951707940918878,0.9143712405898556,0.1544047994350958,Moderate
28.740253384548254,55.78791835778856,30.43075918208643,8.645750712015232,0.1428343079176719,8.081187549853212,6.1200093755686815,1.9323599148486716,4.733541793328011,6.819051664607716,2.1500590057704865,2.708545124369595,1.7454686584123076,1.211405800589795,3.360293456927445,0.2297280863148212,Moderate
14.730304427897034,0.7841590771916818,63.09217902291634,44.76734254104184,13.427485090227552,1.507369930311684,6.205591954189986,4.198695908703068,6.132833468418987,7.616749053941836,3.694857659766448,4.589135268785975,4.419221520921714,4.209803406168971,4.728956359708519,0.0987680335185808,Healthy
31.18794357637252,33.997186379324816,7.893940294655555,44.27981365437375,26.10485262348481,2.115205177442274,5.568906382730944,7.870566539903663,3.143148787246922,0.8466981427528941,4.841467791364757,3.9167570006212222,1.120770022118493,1.5149546533217737,0.488141198042622,0.1351814397792266,Moderate
3.105687603515561,55.418125544879885,76.2032721039051,53.73791904438551,84.07850719391146,9.723654847799782,7.357404498934493,0.1549991669032102,8.799856915608364,1.008047848685576,2.4278300191763167,0.9352258183496408,3.4936995366497454,2.736937893471227,0.1518693938578524,0.2709831399208189,Worn
53.093767841209385,59.51316749056815,0.992382112783563,46.40951594535039,96.34992408875884,5.91528797355373,7.340640350231079,5.149473515144448,8.139839745733086,7.221555793166278,3.8133621198827705,4.986025719871506,3.9370431421545096,4.385059794714268,3.73916180467444,0.0932792000811467,Healthy
26.879761503019814,19.86445768974058,24.68570275957329,30.64154493510364,55.51337867531885,5.236943322446882,9.824473570470747,0.5997927219151644,4.879576397907488,7.740617069461161,2.310484120963847,4.274930074160287,2.325220767791456,3.304087917299197,0.1207038856116682,0.1569713144762985,Moderate
19.892977979503836,60.16866086204651,6.068306895068232,41.334245987119225,54.661493966367104,2.947916840075093,8.019462757417754,6.967136003530284,9.373395631247,1.6544164001887771,3.811576958354108,1.0425302407010784,2.9578243130212223,3.498969710624083,3.269861628553832,0.2542856683670056,Worn
94.9520623657642,14.707348092903793,92.65876251614944,49.21162930795382,25.82443882989584,9.009634960387638,9.764827762008707,9.018383164416711,1.273720360333609,8.237242861369873,3.0470395849815235,3.914608264704476,3.3639535473301505,2.487183267615081,3.59196200891923,0.0200684225298642,Healthy
64.97880467642996,10.343411486048335,40.20272168882407,72.89392001051573,77.9820884010068,6.3634812526705655,6.600026045745995,2.889578191407172,1.4074336339115323,1.5663418119051875,1.999972984047499,3.5637637759684786,0.2127174246495045,0.6452669325470306,0.5305673005181971,0.1298574235427455,Moderate
45.05824928161174,28.55250717153396,29.80425227913559,38.31014335905844,83.55707099645603,5.030294807967007,4.562430258462945,4.102050052835323,8.35588608892925,3.806461466974573,0.3850174625310798,3.768479463173771,4.547140994945033,2.5525947386495,3.594146433859314,0.3336550218733319,Worn
86.61015453778347,28.943952161948797,46.7681212484877,61.93899693665019,41.11904758694911,0.2598229372578031,1.5280580931828325,6.268536212535334,0.7361826153368167,1.896963648501283,2.133979680315798,1.7824057933027553,4.98978357751143,2.659844803895917,1.8762070344512427,0.1242115508859873,Moderate
33.410465208656326,52.18308753051893,58.56543354287992,0.8495578607209509,76.10059829495553,1.5978556211357042,3.830383504182618,1.555400915004873,9.636871659566513,9.467897767251593,3.9592334643408,2.1648938302874847,0.1166934141532355,0.300441763716423,3.3895396986742226,0.234626170592404,Moderate
66.69274474586807,43.53963233997514,95.31201143941378,71.92452005758318,93.016520286255,2.723845792632895,8.320620967541508,0.8372413310890992,7.731386728852775,0.9993690656861952,0.3792689289746037,1.0097873719284496,3.2885533457767124,2.217506912750208,1.4534990682346027,0.1458818794649281,Moderate
25.6776567720508,28.487290196192284,30.728996492628657,80.30258978326634,53.91612766752545,7.564776788404124,1.1057918706865943,8.383378205933852,5.555089783954832,6.899690121417249,0.3999297897034831,3.0122663158179748,4.2531332240680655,0.2394901073371241,3.9993430226427207,0.0563958202306,Healthy
51.874784711470944,5.116550644547591,23.285855687609423,49.20017294320827,31.02352837447048,9.606008100125212,6.884093364557076,3.643682941000802,9.386003157947275,6.628030863757358,3.2517058463221677,2.104124764338971,4.809576507056439,1.3709458397462382,2.888527505077263,0.193895414875795,Moderate
34.58774607378574,15.445974722332378,2.544775990575088,64.58223862864843,63.69023174547432,3.6011771548900384,6.001239399394965,1.562613398113556,5.355258826955995,2.304219718143372,2.0583055258499323,4.451647626711844,0.0462696010848173,4.881349025164761,3.1219638214792123,0.0935791175986584,Healthy
90.80836870598544,80.43744141377006,6.582984336315379,69.25728000775818,57.18975224589538,3.9835532196590906,0.8346929518195723,2.907048559043821,5.437267348301647,2.756353700161945,2.0223984765397733,4.297961956236927,4.545871493698405,4.520702361661378,4.154231414541908,0.2371914104183529,Moderate
79.40144502659628,57.64889031398659,34.206943465755536,80.99787436834724,23.82896705530916,6.561288043672019,8.420387836055212,7.203242773264015,8.299579189553185,2.0050952355088745,4.9288380291240665,4.000092407242086,4.344045358157247,3.4714713907147305,0.9302501640434974,0.1775304086773948,Moderate
65.66310737078761,24.03989128935069,19.159294573482576,91.8239086675437,10.18036829495369,2.250583455146721,4.107770895242906,8.768479982514565,5.275145198885448,3.3421529337075984,3.569454815370162,0.1507065886126402,1.452547063890945,3.0425954910519515,1.7868433957455938,0.1002179144508301,Moderate
45.02542461428904,95.75810150838171,39.90353176424348,83.98016066644267,18.854060574925114,1.9257609734684036,3.56089673754747,1.6983943330124796,1.063058213129514,9.067423725725538,3.655331866492289,0.0950370001283568,2.3224633481415777,4.506588325817921,1.1215695465289257,0.1133944294619406,Moderate
62.37533843692328,0.563131274805373,18.63167765185335,9.972620385336796,36.332447556901,2.7957100537056947,9.718470542807886,1.7877628755048711,5.112140674591639,2.396521330160949,0.3001130056230422,3.920853434083949,4.297486254827399,3.0222045817094703,2.14414004853443,0.3379102423393045,Worn
19.33392336120522,95.07447132126715,40.8699562270934,46.66831558308642,5.270978985343899,2.345308719852742,1.9758094435047704,0.0648808378052645,7.068443574290983,9.374671878137445,2.1082700341091924,1.6953817090195638,3.0175527071300685,1.0970078981869062,1.1494674528403948,0.2262610219825475,Moderate
99.05051420006733,41.26176769114265,37.20180857927832,77.64129607419969,34.08035402530179,8.863763846243952,5.416868240337283,6.4640173666579965,5.453628521336417,0.5120634919032907,1.7130568523073668,0.1140383034381153,1.361259075489849,4.310032361342941,0.1830485792110042,0.0079809448643596,Healthy
82.67276483962821,10.691986437982138,50.47543235655417,69.70911382607585,58.682044507356366,4.955390128542012,6.942244891827255,0.6929264946664215,7.451516535267858,3.379960313119229,4.110856703794072,3.8432391782499193,3.568465235728394,4.136824356023049,0.5023180432985291,0.3382506017187328,Worn
36.77831327192532,63.23058305935795,63.35297107608947,53.57746840747585,9.02897700544083,5.535308853571833,6.161108004157211,4.74325570550291,3.9166654287880887,9.154768812183317,3.0677965240575693,4.728692109947263,3.373708637190441,3.9145207179228,1.834050473777344,0.017357207850259,Healthy
76.80893784186665,74.72246450885869,31.1703321492812,30.62392452284004,83.78413809055185,9.691165309407385,1.5676943733500226,8.52907087725415,7.02548080553777,7.740033129097597,0.2167660705976404,3.5308367144476227,1.4555245276358746,1.2254750365244604,1.6212900034898103,0.2780090557381495,Worn
98.46544775908396,20.909736458961422,13.035313004326554,20.35348738868964,76.90611331597242,1.589650940226306,0.4734997732683943,1.959787224916677,5.81943641505783,7.861154478031324,4.120438060853719,3.6440309950969385,1.1455733387833829,4.783175067388065,0.1262728084557796,0.1623518456364589,Moderate
22.30900184453558,5.651569079675733,10.339493663004152,43.15081198476424,22.991837086163255,8.792490430777848,1.6247915337690344,0.6439294646623639,2.6918644017168725,6.069454128382038,2.36455473344163,3.842954793849034,4.311236846124198,4.102142794797192,2.082288594975566,0.2638318214617055,Worn
80.15371118829896,95.95766443210334,48.785404392636245,10.973619867750353,54.79594889736929,5.078942095312776,8.102058495033354,8.391216031061647,9.09718311907776,5.092452505028752,0.0830811336358028,4.1976102786110605,3.899817624658348,0.3162701543714619,1.8243380466020565,0.0630355215909845,Healthy
51.88380571260721,59.127543574492925,39.90027038701302,5.476163882203133,33.519724164590095,5.773417251963703,8.897353347830567,7.003063538838071,2.016999626310254,4.297453810756667,3.4484434033114555,2.3951347948786688,1.5087877862511538,2.339161696858712,1.048149439756731,0.0203140731930005,Healthy
92.5248317415666,18.057534512733355,56.79452305526295,91.5488297588042,3.394597858579884,9.240778052942694,6.7041551465895655,9.312666274013376,3.978785874773685,9.530161760404429,1.5001320273244785,3.1336504334439264,3.425863451507736,0.6210164698188692,4.719023544958698,0.0464318765123452,Healthy
51.26152441031999,29.08768542315825,46.94068419892581,85.7857783517489,30.49031243850635,2.979574289583591,1.825971310870993,6.165878380712464,2.338483690854777,0.7991510934660673,0.1658637851759448,2.8370079096185217,0.8522976447331432,0.7018136569305028,3.115597440473423,0.18583581568636,Moderate
48.22252303373266,52.032362619138574,97.52445352839588,96.57704438842872,21.526904578583427,2.0644269212906896,5.274410455577785,2.040086365107671,1.2068846784624043,5.109967919343425,1.4020239981269338,2.5558692435886736,4.576241347600572,0.2481717701828917,4.055398968678368,0.243684742732646,Moderate
40.93449208823926,89.54127111942189,16.25670686634786,99.55164485903248,11.88525784762372,8.266371477710056,2.7111176193542965,5.437901899298721,9.713962669894984,3.187038990282176,1.5815891850533392,4.695288293951656,1.3140043864406952,1.9912881004832816,1.91145394260386,0.3226684843449485,Worn
86.99691596476849,13.065234382346292,79.0509794274885,12.48208139668483,79.42106625494054,3.4944764078362835,2.12623189619313,3.743361536967396,2.720841575779777,0.883127212185778,1.561427879446276,1.1429352935240844,2.153338447664201,3.388682997903916,0.936234744693618,0.0965073957204127,Healthy
28.998739264414187,62.890514492361504,11.793867487423348,65.49411045673216,28.329652799770223,8.719139887586365,9.726277413964189,7.63246573514173,6.084079219394797,3.654258803022472,2.130791625726385,4.225243564337154,3.5683609350474352,1.4159163589050805,2.99789330012524,0.2825254753893738,Worn
79.1640072183063,47.57040781890562,53.66232797354938,77.11360481708222,66.12653062650915,6.72434401962343,2.6123420101828443,3.2479287078831574,9.320458362386226,6.785298454369424,1.7329112689617732,2.6338564165765908,1.3885547095418822,3.50229138214885,2.058747645056332,0.3464025456246368,Worn
11.310575650171984,82.82735648159884,25.185336234570897,77.73021481439183,95.71070960000516,1.9602920170350768,9.957482270595296,8.97162194827615,2.925076950290635,5.410709207986163,2.0717972565046057,1.075784830553777,4.301662344146787,3.74701015929656,1.76764403443902,0.3488316291740602,Worn
20.53329387067998,48.303969755889,26.85337560676073,28.746166489725013,65.67560634745571,9.276382991901473,4.073349205032607,9.988448271846313,5.792200352275579,0.4226899423593455,3.7194155547125103,1.2065082112748198,2.9277859365993426,3.443445754655837,0.7007821085106514,0.0932251616345174,Healthy
65.11475848816741,62.09285674784312,35.23749466096544,84.144755308476,47.12871673981645,3.768196061479708,6.281826045103552,5.472374278792835,2.3117588313739423,3.438224912587524,1.9787692511179755,0.630549906684032,2.4444669156061987,2.609579353411593,1.009510766999696,0.0756216921855096,Healthy
99.89046997630768,60.77627687434245,40.47058743291701,22.52071002162016,25.70960893951117,5.2752592367459865,9.466317459653377,3.91228221283483,0.6490669621466982,3.8816144796031695,3.944108605461692,2.5210993304970137,2.5635731205914847,1.8105609049043665,4.323081824110117,0.2380764024360246,Moderate
94.27317741351256,64.96466489923685,60.77367948788592,51.26885110165086,23.06698117177587,9.528038482491732,7.945522944217055,0.4001313053512434,3.3230991073995964,4.705446849512227,3.356140389283351,0.9724111536523016,1.0002431657681616,2.347903516759129,4.55786570068849,0.0466715397359599,Healthy
28.733033322764943,16.18956100523584,24.929535000461133,22.488678022553177,51.94487863912376,2.9714931868899166,4.823614164647395,6.91177144577423,2.426070169534522,5.348788154675899,1.944514869457491,3.1987193974167294,2.13855058734394,0.2339592538397061,2.517663129483513,0.3493689742649596,Worn
19.378913002335484,21.456482009284983,73.81507548416897,18.913869632674007,57.349176389097664,8.042337890322266,5.499210705196632,2.69636165216676,7.861684214493713,2.697170040825388,1.452970802498037,2.500356253369,4.081263557652077,0.7838867321218385,4.886256976196392,0.2505989820852153,Worn
63.0247219456158,24.838360874320752,70.54608302834863,42.76013337033373,44.25455148147456,2.6281427455294173,0.4522963092021492,0.0187274391916858,3.5064928295401865,2.414642281992161,3.905488775620984,2.2493234768070987,2.660036377334032,2.1447705611627206,3.51460499030984,0.1155075015345427,Moderate
5.234717843131309,23.097931052806363,80.19139528361265,85.14891816465466,48.30662451933026,9.664348100843196,3.630014499825615,0.62224172652242,8.976140083423852,0.379497302398708,2.926961055183221,1.6892030953742383,1.9647581792944595,4.31443304124743,4.422657198140012,0.2309330062129389,Moderate
80.76258695629751,77.14733448596064,91.5138820404896,85.45154359107495,68.3175563239818,3.690146993459455,5.921072134710428,3.507532147493549,2.1489643357423183,1.164627488916321,0.4171217110557679,2.6516767439335256,1.0731013733561123,1.6990297274788118,3.222144123211371,0.2395382268735039,Moderate
52.22432600548044,76.99935530986109,21.58210274968432,62.28904758190003,8.5347464993768,9.78269485998988,8.741037960662108,3.5907077904315123,0.454865414722746,8.456263001150187,0.7833606717375902,3.543661662824324,2.696772080034482,4.272928844047405,0.4057962456235747,0.0257696711301527,Healthy
23.754413087432745,37.325179162934006,22.726962726315147,7.319592376844364,60.34485933813779,9.403161532392645,2.936764133584362,4.15703578284929,7.869568104790414,5.460245933207503,3.34874058843912,3.8968291787393783,3.629323554132364,4.759419028805653,3.690731422336949,0.04184794394894,Healthy
91.45844352217478,9.103631494544173,64.82091774485559,41.31944788027977,40.56193902554424,8.819624278318685,8.52069837828557,5.063662535617891,4.902028542056282,3.618073680354902,4.116182196055366,2.753068538723044,0.8856029784955244,0.7411637611807087,2.869922101875562,0.3069071177765634,Worn
38.61026378007743,96.11905638239142,90.53506419560637,19.57911347892964,6.9361300875165455,3.8024116641339023,8.18542579905503,3.662530059984742,6.015485063797062,6.063169473745321,3.8026699400484754,4.679063792413633,2.558974971377093,0.0126088085141001,1.8752947205655317,0.020507620555028,Healthy
98.48411989623344,83.88980864459342,12.466268120326683,92.08418826173724,86.98963620621282,6.443657004925674,7.57509822818506,1.1797899943702572,8.332094569102624,7.056198041801441,2.254430957325519,2.7932650596500475,0.0137549777696049,1.828502650975368,0.6939523617548488,0.0195714374702387,Healthy
66.40122280676023,33.836786592521584,93.55230227588572,91.22075712491822,20.93483993840988,5.880927915139572,7.562949238603938,4.133125614011103,4.202326328014601,0.8828249858491644,0.3970412214888241,1.6292339019536894,2.241750535204306,0.9353580760028553,0.8995709830534909,0.2112528713673745,Moderate
3.0970603422510123,27.489565825708773,3.2799874276896013,42.0335389195499,89.51000290662444,7.967728605698454,8.424308021504471,4.012299996116918,4.298457437063502,1.4817773032947368,0.9161293345267718,2.925210240723712,2.0409589088601066,3.272099177698613,4.761975870319758,0.2900102396436237,Worn
5.196609813118025,85.97478056850669,45.82533147650479,26.241608169621443,24.17645074796816,9.709840578768706,6.6742800600698935,9.719141301256846,8.32478000031909,2.7083214033995926,4.901892345293715,3.869016656237407,2.618383114020568,2.212556159726573,2.6982386026518244,0.255951960929659,Worn
63.17748436527554,25.71185039986945,94.86540809029908,16.975849820713584,96.56531747664124,0.8227189067620644,8.920255690299735,8.691828639805104,9.979093217902864,5.851831414984135,1.615724722176901,0.6132497826247213,2.728271038071744,1.1313115963386589,4.106808963345788,0.2873774944502821,Worn
69.45954272532853,72.89810616558164,86.16909037873452,27.4071589342191,80.7070903866703,7.066943803425146,9.732607433638991,8.931387183794335,3.4243280838237675,9.981978792878577,2.3762745130401437,1.0744048604639456,1.4210529345953171,0.3103924201601804,1.5198513798550273,0.1036309680780744,Moderate
23.194709611597546,39.09059959055147,59.4476335186173,49.67668588591694,98.77855202148874,1.089716293039158,2.5073182600205444,8.94538852240591,7.151056136180892,6.395538263773112,4.650095294097479,3.128210342759389,0.919892488054544,2.812905268823314,0.6662825291650581,0.0486139286373171,Healthy
24.39896433790836,97.30105547524455,39.30977246667604,89.20465551771133,63.11386259972629,5.456084644271506,7.067905043968144,7.90407475882988,1.937389330248106,2.6175286903702366,2.1197475363707508,1.140374697208952,0.3501761266558251,2.677591822303585,4.951630472634328,0.0095029385349307,Healthy
54.284137433407466,52.96445270351335,34.777009760443775,52.052053364151455,65.53831994634533,9.25451592278533,0.5862955909861545,0.1155628101418559,6.991388297007991,2.792874957941657,0.8731943236873074,0.3885623100176333,3.498028738186102,4.3256040210400535,4.037209942972718,0.2966422655503055,Worn
12.613578629576516,93.26457173411676,60.49500131477043,65.94900581245842,40.179367033336376,2.661499469297314,2.965217203911461,1.9759738484107947,1.290736653068295,2.33257641453998,2.483330904716754,1.4554363249711515,4.639770911958907,0.4386764937651566,2.296602310099009,0.3124759603999349,Worn
89.02580530178021,7.940658464302952,73.14964903403623,18.741194409758226,85.8177053157164,3.476717414689113,7.628554778963716,6.079711675981625,1.025845603310208,8.52236524975911,1.5384612182653656,1.05037478395039,0.864554014952611,3.2020305845983703,4.5969742060433925,0.0726924124857491,Healthy
5.4634420000972295,97.30781629723327,22.612533124967197,30.419871963628086,30.39425122550273,5.9623107984235,5.744337572963584,8.131202726214195,7.863095527102798,8.90105473442704,4.046266138253275,1.7677663843622016,4.502285363739912,3.937447843146869,0.3696085832288182,0.0965931215635189,Healthy
11.816482762165624,69.67371653641507,62.8942846779884,87.74720135270529,73.50710438038858,7.88581765108471,7.080237839979118,2.5421782906668824,8.620840858402314,8.93443465376265,2.8296687434602363,1.5026477485857348,1.4756302200303857,1.8056875855286223,3.1134662130998776,0.0004899541601334,Healthy
27.42618501588997,54.76119841428094,14.451522390695024,13.394121940000035,94.3788889207958,7.189098153252109,4.900906912143615,7.510704788480105,5.152954376314456,0.8648444215163853,4.963756366259756,1.9370136029713163,2.969406186072361,0.533183817144085,0.7059024936828345,0.3444829138493151,Worn
36.50475666926015,43.243716671650304,62.317242453218725,7.442841843851566,50.36917612374447,3.5399556954466678,5.543640408284098,6.154056774277708,3.215839403624651,5.702481249473995,4.017870426919364,2.217041064973583,2.4551680993340077,3.349856744504698,1.1062197220602443,0.2388503840404437,Moderate
43.13017063410146,37.90404853830351,91.50607325172224,25.11692675484013,84.42123252861431,2.5488195641118363,8.136278802229802,6.185969615011015,8.38149165376357,5.157361883740449,3.4554509324758262,4.657598137984589,0.5896659744758725,0.3068646490673943,1.5549735100597684,0.1371155483931712,Moderate
37.54986220207201,49.77565636068964,34.311551641700945,24.190577259175782,39.85020288039804,4.735085877410645,9.97897852754217,4.309933420681695,7.262425885073709,6.933970262725346,1.7433370510587394,0.6467818310617762,0.7218774899146413,3.7937044547459298,0.7246077616906826,0.3469817043766889,Worn
44.26937019674359,73.22192063122223,23.30189643968348,81.31420044817254,58.84312404534523,0.7686710338175484,7.99891304268817,9.253280538641636,8.744443882061596,3.417576022985628,0.761806421826991,0.8990778499051189,4.0143876894491735,2.897507208329621,4.780475815626742,0.2068022064349428,Moderate
27.23153971810828,11.750184021237333,25.19982216440717,92.07564510547336,58.15888378497554,0.5278335051569116,1.8027153601837609,6.26947855241755,6.413668192253023,7.741346587074272,1.1031195415512711,2.4595425733243363,2.1001735333164104,4.592867399423048,1.798704347512616,0.2309152036266396,Moderate
39.31217982070792,13.925407078470398,1.071529769535895,54.42573370152508,97.57788185489326,1.6810254980518002,3.4544638580551346,7.612714296253603,9.542313574764217,3.714339506467324,1.5701062529169525,2.2617242649982243,4.253996891598069,3.891811318972672,4.25623061752938,0.1672180730453211,Moderate
90.82658859666536,23.95618906669724,14.48948720912231,48.9452760277563,98.56504541106008,8.886932147847983,2.402271663955453,2.8021640699057104,0.531206241990011,7.955818365422829,0.3894688279757852,0.2794413412653762,1.1665114377914572,3.165106097690092,1.2993981322490344,-0.0153043714264055,Healthy
21.745293221723596,36.66788797029814,39.09174268411623,97.64565294354102,95.46663568790687,4.770667495672725,8.664151295248242,0.2180679312439559,6.795541191072888,5.47967796793928,0.1774170257284874,4.180108292229864,4.482422468405859,0.8123531830711994,3.935280479228665,0.1809694352467474,Moderate
24.995898123949555,60.95285097540636,58.51947853928539,36.97378108726888,48.605754190268094,8.459619526959559,6.074783945031181,3.804444517659612,0.5651462438806232,6.776737747680467,2.624241772718964,0.347335147061053,1.6305575642131054,0.437433448135075,4.944395596275068,0.2951376902694828,Worn
16.811809759772512,51.22605638762605,48.73748079212449,62.50915526865286,94.61868939912613,1.0401029772814074,7.852946667226732,6.97141350492399,3.5467082661031046,8.874074739689634,0.4760903953470413,1.2671398099569842,0.5200424452945984,1.612110830567269,2.6909928916091284,0.2177185207125558,Moderate
38.21234944599732,13.22687150984817,19.668819731282305,23.7483305169384,29.989759299453624,1.942329296955817,4.155595321233165,3.843390279585277,7.383916369360575,7.742155581663588,3.5717126652724063,4.130410348150116,0.4482063411816961,1.5021009371531613,0.2886813982549052,0.1792092630487095,Moderate
19.225791846809194,30.946954908860093,97.4904272810235,41.11134169948486,44.47127768583358,3.2211259596913813,6.864198939976419,2.1586639765948856,7.093907452511288,9.350441963907306,4.510096497447717,4.720739002122397,4.4769583004005264,0.0164056450515032,4.670074457907985,0.1865170205524822,Moderate
40.510269452756646,90.61110021324971,32.1495701247882,47.64369863437916,22.602899781599973,9.673191722305912,8.114075027006562,1.0972380124712011,1.217519976476784,5.944738549126189,1.1772507281347155,4.921306472078923,2.7114506950568344,3.3120787304057924,1.3941006812334833,0.0742174652207473,Healthy
15.828305069937365,68.81176592063503,12.818807281046174,42.53564962699837,24.72060737388768,7.3855704063355665,2.939165968905657,5.747032039194878,4.155599944371422,1.177639922766185,0.5208903625400346,0.678083092715081,4.067744062191337,4.645950682646651,0.9973784255532836,0.2729157465782098,Worn
45.5660821553092,60.56992404598757,69.18639081608444,38.30693697265068,86.90990687247286,2.3386774363737626,0.5365216400969075,4.292558745958369,7.882051110716313,7.15282131327177,3.59299907547864,0.1205617977391299,1.7069460066027675,3.411742132422599,0.6451444841953419,0.2774018828694886,Worn
81.91073261776877,54.71276425689005,4.07850134355181,31.500827518977403,57.55495078311033,1.485451515099809,0.0437367910097952,9.702350624280204,9.434992297039267,4.836503791761352,0.8871839213670796,1.466736188293022,3.4167288753965823,4.37932441290564,3.992458852765272,0.3116487336330737,Worn
97.31447114269086,19.371705077629787,34.58285703095939,35.78411586415332,0.845149606246054,0.6204526042182956,0.8163164985133831,2.984941127873687,5.141881809210113,4.062748005595865,0.1301632491180282,1.6358847126427194,2.103198287826589,2.429081430867103,4.646622992806046,0.278721235135804,Worn
65.76128923003434,56.830860333547164,9.367476782809248,36.77158030594335,26.520236768172545,6.789454242806699,7.250960188976508,9.650316229099188,2.6039735874507164,0.1845641904302264,1.1992077902879006,4.311708059819381,3.1091204315288734,4.086471307943274,3.257929511339026,0.0040150414963024,Healthy
19.90823128279577,58.77032283414765,6.404352386478851,86.24341301411569,96.14996792371473,9.40746723077666,7.504943844950965,0.01243438866102,7.656132840221652,7.397949926578588,0.8233746025851041,1.2846243252564804,2.1303020992137487,4.447073949606838,2.866628946753451,0.2911351700703813,Worn
1.3094456588333636,66.35373720167107,17.803596686975144,96.10703174694552,14.866272775311296,8.546075627333712,4.713681101729975,8.68628170510361,2.915767695757653,1.2881307376298812,0.1904635579476427,4.38724241825488,1.4839807024008227,4.985374384565718,4.770953651673929,0.0340475107715807,Healthy
0.756287497814212,64.7474714154603,89.8030548949987,24.34822965762993,92.70345447963066,6.277004136007399,3.756487354930008,1.4105979949229708,7.093238527759674,8.545651689412404,2.4112686928031084,0.9933031758565902,0.7030817844114196,0.6162313612514531,4.315039407496005,0.047915035608393,Healthy
39.5053337856796,5.126345917599817,40.18762712367396,67.37562297840898,45.03503857807928,5.713515657069453,1.4997702415154468,7.839123805872337,3.3244771824763832,5.913425897986418,0.2811371505773058,4.741097237475163,1.0039913215943042,1.5135703003658034,2.4547117205147906,0.1652150846986514,Moderate
43.28160022094693,4.389994264300512,16.574977982015593,44.554163874189086,20.918546540792786,4.193898379683894,1.782748083220408,9.244300917842622,7.6231876169397585,4.813558321078522,4.514323968958204,2.497508849994774,2.2346901868254414,3.805103021077234,3.539857538199412,0.1159916051197981,Moderate
44.21561381128117,7.150302433163535,38.96574222881154,74.16030197372086,38.644335093081736,7.754145149664236,5.248335138013768,2.845667100798517,8.094440438786346,1.8610056193924152,2.029923829134608,4.183670912763304,0.3656511987273037,2.8610529680233734,2.878118752935989,0.3258106313565115,Worn
27.631910846585363,43.2018927594506,98.0368740942185,6.750254668382194,51.87009943805951,6.739444490730234,5.373348248430777,4.441442022201196,6.344399411683524,8.276794072035404,3.750110951938904,3.9386039364805248,2.8713334480044903,0.4485243852098391,4.45041584773379,0.112317448356338,Moderate
86.26751629457257,44.332032077269865,58.58630505279216,97.60783324725188,53.23043638481663,9.711055083647546,5.739174439595789,1.278058427952129,3.5280600926590577,5.47039143620656,0.3370731357142392,1.0428451416446416,4.29680797845538,0.6098721715129757,0.7796604815401004,0.2704194140178705,Worn
10.445451810015138,57.68573811327003,46.398169816688736,11.870909550911149,98.05682270607235,2.225297824988858,7.09123840815229,0.8475947327532185,7.416088339433383,6.934258420162735,4.874872813014552,3.323984955152292,2.262134432333528,0.7876366277675817,2.6661050115406573,0.1201159494880906,Moderate
26.0286857566003,90.719503070583,67.0732311905834,56.04406309804399,11.098946921348109,5.9327109298799225,2.333954517284067,9.412590641776475,5.887945291802295,3.1119244435437654,1.2382305852282776,0.9249984875098972,1.1518383171240805,1.3178194459275872,1.1509174566700076,0.0676686627883025,Healthy
23.04166621173499,0.1473822086311416,72.93447940879963,96.68454997992852,22.429348328504503,5.5274744759670345,9.676470927328086,9.961468309333384,1.165446099986326,8.49543759554122,2.0356849693863865,1.6865891300483704,3.925905103616385,2.0514285532657954,3.422941988265418,0.0864429137119814,Healthy
19.201625096794885,83.99982232439429,72.49127466244396,89.4761987012495,11.755724912093656,2.7122152038411818,7.948302616043268,2.2931895030765395,1.5883769538201564,7.824394094988749,4.97305757045805,0.9130570628807276,1.5238090061335003,3.18112933715815,3.665235929457919,0.264603215604036,Worn
66.63854135782064,96.60475051286772,76.1037790250783,95.0772707731338,70.25405015348069,2.153305275287315,7.21909573992304,8.106657734835125,4.118974783621113,7.464192328441049,1.9963769200778856,3.7298242373912975,0.670413859774916,1.570073551224174,0.5927046848782414,0.0841411889736845,Healthy
15.20248531286481,6.134962711066816,78.07615860684398,45.98004237693202,5.816379550547579,8.562676535240813,1.17462072796384,6.895644110519649,4.088436617250682,2.061461602801641,3.89289727067608,1.967333593701396,4.228626164560611,0.2347701961620074,3.910231514814951,0.0615609545826009,Healthy
0.9241588405514368,80.81570490242127,17.619440616424754,60.6216642220766,33.692191307674555,1.764266966024014,7.216585494841574,6.180508083353723,0.9155173575124608,1.1315900658967626,2.691702994052213,1.978373049793658,2.077923503723029,3.216500830180542,3.310443385462387,0.2964585629867935,Worn
65.64786073315027,12.809574636620004,33.82675059944984,92.80836403260496,22.461561184385197,1.0006467156653331,5.886889743360161,7.783956143532116,0.933281202698264,1.7265740109758976,4.874952326343485,3.465555297735286,2.0313535082364216,1.9487209181348744,2.4429057248752257,0.0629173438241941,Healthy
2.24693083201174,26.867735938494608,54.16342146608669,63.347821982614725,25.788768543320227,2.147536658250827,8.344737434626284,4.202902600542552,5.770774426317654,8.72948730409002,4.437425933536679,2.025732191790448,0.1915361099572549,0.2424868444696909,1.4195914545919452,0.0321135082943853,Healthy
3.994797328609434,36.22934900002048,82.63903116005552,70.1499101465166,45.93436555939564,9.422611736585612,3.982564091570116,2.063867422481808,5.509126399478857,1.107431201911856,0.5040760703269426,4.106151063346325,0.5940812363257358,3.34957009398218,3.215788015295086,0.1978077302260483,Moderate
25.47205004575489,26.324617483054435,55.62363940257728,41.14109317604655,94.77328040063054,5.948303773589867,7.844614668933792,7.491049613997478,5.717373111603222,3.12183216821511,4.571795649260266,0.4933742833055549,1.396366970500174,0.5464371897648329,1.2833641326283007,0.2768977925575901,Worn
48.19949177328671,7.046067766695829,27.81436404489108,32.45066491689473,94.51224487448869,5.7386277396265015,1.4738326759734854,3.245763356293674,4.100896832611529,8.08212830516503,2.391360324129862,2.8269975899233604,3.0192928121893763,4.678627741893993,3.307465102071588,0.255481431214465,Worn
51.908178513621806,47.9181877629731,2.5642065806435688,34.12478276261564,38.019561878585705,3.083550706323103,8.844965347938635,6.762337350404774,3.4091640919209043,5.435343783741237,1.563312716729552,0.6508179693883437,4.133415136355854,0.0124772680041457,4.1604415884041535,0.0389002603340711,Healthy
18.90172827464972,46.943486215404384,72.032291647856,52.94357405412765,39.54890761835702,6.824061619553177,8.452517957571814,0.0967253884691921,2.2024694043137183,6.655340001700139,3.769024310301099,2.5637237148003744,1.4310187022779486,4.261239859915064,2.984183559979709,0.3417451078679098,Worn
51.44613277398942,8.50563854892411,54.887280154259976,37.99790789653946,60.71352808835769,1.0723580176952352,0.9257606705209876,7.12604684254733,0.6958178354357902,4.96364372466307,4.9875284658675065,4.892938779248911,3.894117246679057,0.1003354770348335,2.7173746019218163,0.1650396340410667,Moderate
29.98005275652359,64.64587416379305,97.41944438163571,84.70608269838995,2.3594964645529126,1.126978604383252,0.7231057477279146,7.437673473735441,7.118820852292892,0.5843099085457515,0.3994970047594676,1.2255952858617176,1.2752972623473746,0.4744458761962555,1.9423167058672024,0.0791850327708537,Healthy
72.02679239473956,68.72830044131277,9.575419866335766,92.25724049058,56.84722021568196,6.456906684495384,4.02418494256982,4.719091099145876,7.1672478268145055,8.76306029666794,3.7293977266039406,1.3103546325107414,3.270727961206361,3.495994513786165,1.7255923221734242,0.2680847839889101,Worn
53.531013145259166,21.52018720172375,1.2120774643893273,24.12014575995415,97.58737549100536,5.333381148925721,8.579952227273587,7.367502209132274,2.156090630821904,3.992992560257859,0.2416606989449554,2.79754316718664,3.755323415662159,0.9785490716803396,1.8395546890803536,0.062131341174034,Healthy
56.02414637830525,25.50036525010757,26.255023002000023,3.925305307099991,30.54442265484817,9.729257104088996,0.7558509240544731,0.0336237832293662,3.806682638039191,6.0109706137250924,0.5601407765666605,3.512774934813254,4.113662044957348,4.108728242691172,1.4213877384532791,0.3369286202053135,Worn
94.56735370508046,40.8927235756672,66.19698394506341,46.48547808132707,63.05886973085435,4.116507968016315,1.0782367385194702,3.9341357635042415,7.339364547332842,9.212864116801072,3.5851364810904047,1.176053621060415,3.850935755524124,0.0980178402314102,3.5808094230336023,0.2485472970844166,Moderate
31.61013115469705,5.574085358744174,60.9812761548117,24.080381607317324,38.680724205188,6.844326895815987,4.67892528132025,0.9285947294352126,7.907481185774762,0.7547791442402896,3.599498181923497,3.256915855780073,0.7218227943483718,2.9746996949699707,0.6570779757063105,0.1609088625187245,Moderate
15.615259736619036,71.59722288473975,65.89239419101514,2.709599250348349,22.197216193294945,3.041100073428369,4.497254105921061,5.437624559186557,1.002318781762861,9.321617192136324,1.6249370477854308,4.661462879365836,1.520226348179038,4.69913321322124,1.2506697857462212,0.0312201496259685,Healthy
68.82742357802371,14.05529675783608,48.55896996593978,2.7536719869465487,50.545511791044994,6.549277347721359,8.801066672064048,2.1396173084079537,9.720420941766236,1.4278485013956466,3.9559488278165,0.4059729541016216,4.4486948811521,2.891533247238645,4.753122346351583,0.0819253624221648,Healthy
94.33101118741496,52.023048910309,67.70937847836443,77.85158800616635,13.10146186504656,2.242098122088432,6.736624198934342,8.947018610241837,0.3291858676395376,8.12451131720594,2.31698323303,3.566195760100999,1.8463441147777075,2.738752295753096,1.516846287643661,0.2498937151402046,Moderate
12.7311878746725,17.567229796858452,96.02663584920666,69.3169360253846,80.13715354636368,1.4772830585057428,8.096523320704518,8.232099421806359,7.08705200549003,1.3126221109287095,1.197756745465623,2.373688074936504,1.2349449764283975,2.9011691171766496,3.60286884029984,0.2798891891047512,Worn
92.08724005318132,6.107795985486375,27.68776481472037,80.62012797930613,74.82596903836584,5.112957462460345,9.290763602568235,8.742965602221743,1.3452549228918451,1.727896518824632,0.601633286987675,1.468734008127805,4.891701163982916,2.1868153142588875,2.3591973192243043,0.0307933923885117,Healthy
86.52957589089124,15.727320817971536,30.978785920909925,29.004553196243688,87.14140341908544,9.402341928728896,6.929091515680809,8.676188661891324,3.664566463399797,0.4321369954999832,0.4180114051220701,4.229508337185565,4.320352515727344,3.777853515497621,1.2123981569780873,0.0952398283102443,Healthy
11.644552408471142,59.64745775439524,27.49791919736402,7.964512903476583,42.96027434485468,5.014970955360637,2.476868784466013,6.8516120061418615,7.042632868203458,3.5796782555966558,0.7436716654119069,3.82000728013921,3.164429500102064,4.084480186359937,0.1434278681992357,0.3038792711168858,Worn
72.4422340269315,40.381100524749925,21.47445024083574,35.59683908322365,28.4104149227433,2.878343403015118,0.3062418223776286,0.9410796873755944,2.1884081695077606,5.035585463255225,2.4226867134427623,3.585190506626769,1.8098449126787288,1.7660362371023175,3.784631938137402,0.3131560902986858,Worn
46.05825506946666,90.07601624507323,93.00053777910726,38.35673910072921,49.173794301898944,6.113530307751418,5.228275273109287,0.0769780295471278,8.300653721957794,7.041223542324346,2.314870059373773,4.548122647060907,2.1330139022994143,3.149220884397508,0.176754105203471,0.2306746602675525,Moderate
71.75613826485358,77.68213672402811,67.34197289114327,61.44994602551925,89.24690939520117,8.7932165926506,1.5457215147476755,8.614748123426942,3.293873219865964,3.681335899811382,0.479248168843745,1.8657426847648009,2.117886927908603,2.7376903352461657,4.958297728739812,0.2046927023374364,Moderate
90.00831830164807,11.61389602005256,95.59188289553192,31.39667173773528,88.84036723086813,8.322257805043787,4.587682899565929,5.936068260491675,2.6734471215885334,6.45916526405514,0.2539181961837566,3.046978817161204,3.070077074472926,2.4983364589072057,1.5338291032647575,0.0794027196165698,Healthy
93.69578230310628,55.38022407123763,30.55243106580236,39.698151707428345,44.72025405048357,6.086875278828008,9.502840501704856,9.987500343913169,3.718601153330944,2.988030640832746,0.4353235165648356,2.447225906156239,0.0496160358154396,4.843687444473732,3.7578181588845463,0.0703310839499909,Healthy
75.72829782755008,89.79646468477885,8.412766225938284,39.310390755940105,10.024556372287662,1.507324072964703,2.7883758357760837,0.9349236158398976,2.108778406073521,2.3872881191114503,3.988951530031247,4.869890475436225,1.7402053522439669,0.1957275680450826,0.1828288895455421,0.1421451996559636,Moderate
66.36711653626482,93.6829739324758,73.25720972102503,21.494037859075675,3.1183135061284672,3.907174422546241,9.465638429787438,2.46617422690674,6.683607021173941,7.401493936975908,4.835578086856807,3.460526989069586,1.2565948431315772,4.548384609525423,1.4701486907755217,0.0323200230171666,Healthy
53.55538148796726,35.68859751711102,35.3789158736436,82.85555979060814,78.92928483196856,8.49136636161122,2.35642331999687,9.35162010746778,9.549079089350034,9.589046048452053,3.090363398608309,4.243191989765297,0.1041841313104047,0.3311975104417675,2.2873349615145515,0.1187617242542261,Moderate
12.055841640369025,90.24533072858418,6.644384435577488,53.39674725477638,14.213712379345766,2.1157280648930232,8.111562615875057,7.736366450057607,1.452917119657816,4.638297318166321,0.5349998574179965,2.190687856847834,0.6570268590273187,4.938495963805413,1.6651921169933663,0.0812324440131232,Healthy
54.2033345097202,91.90382770286712,89.99095433546718,44.8160873369002,27.441263163568173,8.812127324655137,7.49621155563643,7.575367867972292,6.522565177735441,5.070435369367097,4.908972357023117,4.177029394415311,2.0656726066567472,3.082064100465825,0.5864472861273601,0.3062371362577538,Worn
88.00790875614582,65.08773690471942,53.29577865513353,32.43337531153756,33.300191305819794,9.035593036972818,2.389865877556765,2.06513164929784,9.698207852410404,0.2500411285059212,3.50093360505966,4.576633684660466,0.4388073723944297,4.307390723173032,3.9650636243968265,0.0678034172895887,Healthy
64.51500833009034,1.6969129315466458,96.03667746221302,4.458809273414399,14.306195272340238,6.574713688561536,8.701430055517372,8.924261775360394,6.437404583772466,5.254892302093175,2.1797999456438206,1.9327112508640032,0.9596090404540768,4.819706334918267,4.796968062219101,0.2220193103910636,Moderate
55.53635509376312,71.92017782722638,22.845474133129876,99.6333916056742,97.4793162146783,8.339907620990965,1.402850127879668,8.865641126311521,7.297726373361574,1.646702625073051,2.021523290313283,1.152103326783123,1.1633908841104257,3.311577622210633,2.5053516035363854,0.027850836020869,Healthy
95.41316415710726,22.32554010693609,92.23077754835847,42.58931550366818,98.5524133255218,3.5131554525317554,3.42889329596056,3.2667810380951225,2.429096718216498,6.08867094629233,0.6939150705336494,4.263616889173783,0.1374302314385189,0.5141870748467747,0.5805345992744204,0.2676238952505504,Worn
7.424685933054576,10.37747086347407,81.29284053939371,3.88736970166893,65.89427939347428,2.8815694946174486,0.0922227358722693,2.300726211037034,4.195007402113386,1.214157653119542,0.9529713528631896,2.8899430568138573,2.668243090588436,1.0413259426735235,0.7060515463872663,0.3400668348724169,Worn
4.072880231897013,85.54605840110072,70.36578593800236,47.41738290873252,9.783416065100148,7.86367385961698,2.500567585101532,4.170487283209009,3.504702023179279,8.588139146748567,1.7439529426601048,3.790692307546438,0.1686505372885949,2.7558230073682632,4.847632803199433,-0.000360364281245,Healthy
58.54859383150356,31.5653626982324,8.693956069225417,22.29500085577536,18.80585664790756,1.0844361775126188,7.243569348298356,1.4171520824757244,4.677322711144704,3.569818058777577,0.7714430742904843,2.4979332656094613,3.952387245709285,2.216432417761148,0.8290223541329006,0.3016028663143622,Worn
87.88811459128522,31.49332274589325,12.897890792716527,46.84612370870865,59.83060756960188,2.457050924846756,0.0909418030241926,4.338080365183268,3.5897042968700865,5.390890052067938,3.165038962660192,2.127921800706753,0.0805865224388213,0.1408249700838304,2.355671592357111,0.2686333692783318,Worn
51.59458785254234,25.34937532571904,94.05373011029477,90.59439679262644,56.6806105010466,1.2308785340327055,4.715946722767938,6.273371104253198,8.48736992593174,2.298695912022544,3.652132405819281,1.4394538704760622,0.2778123635880897,3.379857626956333,3.24398082368203,0.2778866771348004,Worn
34.060416658129164,7.171188884765101,40.9628894895232,31.12174950633936,67.71206397350093,7.437368149524456,5.280584218921246,4.112273626316605,2.687970961669776,9.986984818412868,0.7592172282263782,0.2338000690558311,2.69052829279616,1.1744508298591003,1.5058276850062962,0.0739652903626276,Healthy
14.308139541731393,85.788918524624,30.88608992364632,65.88554042268422,56.64436850866266,4.729159709784576,1.924807677704217,0.9972360006606872,7.433612504879242,8.862613845298132,3.768246411607903,4.238163491928565,3.0982484075915755,2.5071868010561618,1.869675130856947,0.3167308860509325,Worn
83.27790710232946,7.22717090113515,69.0701039499166,53.40277303847177,37.91608639799434,3.5135901433178085,1.1865584470938997,1.4685714864020227,1.8575905620621012,3.282061685714224,3.3924859873598106,1.3291361763689058,3.929358320332949,4.784343799239444,4.507447649213479,0.3107046023115441,Worn
36.90177324111728,13.551687356075403,51.83996266330652,11.260922934922068,93.39874185126172,5.666017175404895,7.239678737735169,4.185163866526839,3.814912932422273,0.982088890488636,2.035081175030799,0.2926586963768834,3.5255613066767197,2.5159916384249152,0.0565434334005027,0.2652754334849187,Worn
12.90364088894249,43.03164280423909,27.470503280714365,88.77515246716881,4.058571213469508,4.333194902328969,5.4737775349974624,0.6207013670851114,0.8985791800004683,8.29425404186332,0.5420992270771668,3.2030856211277903,4.769405480490939,2.32919319459623,4.802813508128375,0.2452335042779467,Moderate
28.0600813237916,34.9937853570714,78.24258122127878,99.25146201619714,24.067051475715303,3.535482225634551,7.195016550477659,4.4210374620777895,6.552324845763441,3.403174042981915,0.4812206207878577,2.334791492727054,2.950542760467809,0.2345320519057525,2.010463747054984,0.1712157394375095,Moderate
14.071152804875842,20.201566840249,18.422483923802613,89.39897100078704,65.42925523249619,1.1105244437810935,7.227620328396967,2.6751185735386662,8.200593657462536,9.95608711514426,1.8581380921920103,4.651197455215268,2.211945585537284,4.012717844882784,4.635923725301046,0.0703120149990186,Healthy
15.63314383928386,43.70337254497708,39.68893930890396,74.35442696372945,58.07371397973519,6.477557612860042,7.101716074030014,6.360018039889606,9.461962839485654,2.070008315580452,1.4377978254534949,1.3728233861215655,1.111907900895464,1.6626417987728537,1.7656653757170622,0.2772138968397217,Worn
4.706119787694741,66.85466951139854,86.27707774592255,16.290265447739404,81.24136576239005,6.060893405565367,0.0977223141948124,7.80206572201191,8.198821312594477,9.65510824567933,3.024392403752201,4.997052939283185,0.6923229803483794,2.119715424699121,3.9021183448573824,0.2459744628959624,Moderate
35.08191093350156,36.25597965590946,80.57145256682179,32.8179482797612,20.9059373706846,1.7551145246549615,2.471747445945176,9.737482141179605,3.971524999429204,5.989900906310265,1.8923588240682672,3.7342348744698857,4.418679780680273,3.834018326034787,0.1709824278541649,0.1454302805573333,Moderate
77.53461504031355,27.14093804467144,49.669542281794655,28.42740929275167,13.382836299969314,0.3145719524602608,6.954756041890774,4.384288920111806,5.522150680546295,5.576612476224163,0.197977858995389,4.523849007109757,4.092751255972206,3.629102603471424,3.0491335772123,0.0869190341313466,Healthy
82.2760243032332,51.832392303982346,46.18064815620186,31.44341058114054,58.096858663159246,3.340146707576542,8.315453313427966,6.150849664876834,6.969923315984384,2.944307779494544,3.994052599327509,2.71588937437088,4.411455194756689,4.8616583923114565,0.738175925607425,0.2423518339519697,Moderate
26.74020278575413,1.5110684214475034,96.5015369454472,25.089304569110247,67.60262880525475,6.0137621144316045,6.099814928144715,5.604734821735018,9.146957435212146,6.744410713668685,0.7256984663307031,2.731369105056296,0.3090784692222698,4.404543824955503,0.710731852282584,0.1044789692442842,Moderate
7.222934827247784,14.745300926617954,7.324560410739012,81.23173327141188,75.24092332120092,3.023985198289777,2.387384453625999,5.678905483054052,8.351261633432042,1.92518871819798,2.568725722402308,0.3594767025725348,2.2007481567297926,3.5445230402141634,0.2904832699509496,0.2819115850767925,Worn
73.22905674256961,77.69463883925212,87.24628150836742,21.56397627258492,8.380415909506079,4.650886629145451,5.637022194181917,9.99871438274134,6.4417809016937735,6.942649300626135,1.9607205983217717,0.162648272929986,1.7954845152952408,4.241885693363082,1.9201229098814496,0.3145711404014191,Worn
96.94393756758784,69.32095422188678,7.091619143856953,18.93608757918628,77.132314321685,9.217977565035088,4.506882886051886,3.718979905749413,4.610533305271883,8.345719568709471,2.9839976835659194,1.385714207897866,3.667029724573036,3.6150448750005113,2.76021728436209,0.2779262156980797,Worn
63.13075530919888,59.16971623063255,70.26337730855164,23.74334683748063,51.23637775457907,3.714169119932321,0.3939016288968666,3.632461785621772,6.106427509216448,1.1925016768146657,2.750698374126584,3.2539857086003976,4.065923350997979,2.1711388849648605,0.6225773441681021,0.0880201645006694,Healthy
76.9448894082047,39.78657030174272,82.75530522740469,17.070836331248017,3.0463686308960125,4.4948196518542805,2.4167122597260104,0.0141822013391545,5.599641471458432,5.90655226608641,4.470487639945146,0.9064623600695626,2.29366663568371,2.940238591728189,2.570205457892663,0.1260586263275062,Moderate
64.48326040223138,39.51309076115032,71.32068832826177,19.92152748940531,89.02150026361744,0.7180754544546919,0.9427597789893604,5.8286936119204285,0.5166217582898969,3.369268749640384,4.850508821657807,3.9039392298989615,1.4129541626876618,2.819708848222435,2.021630614247394,0.0936215554290464,Healthy
15.987976336644138,69.12466637859893,16.75665393045065,31.030848210454756,50.33451306061541,1.3185198964339695,5.076838246350844,6.924403525181299,6.301855690545724,8.037549475691906,1.5960196791276535,2.155817465674009,0.2618018709720376,4.962690349527389,2.538051916375879,0.1574869598281233,Moderate
98.8370566721571,46.527753127592334,5.823783082027523,26.22743218149849,43.60704802193126,6.699491810030801,2.577976621641259,2.4509691752863616,7.147222018094263,5.213947362629351,1.3639323534041576,1.2823139590311738,1.2561569090723106,3.0807281320395963,4.074996949228,0.2227144245995562,Moderate
60.57594893589721,96.28704940018096,58.94708030932468,47.117255937814186,57.34016258977038,3.978155951222587,8.619099483043794,3.30851804872645,2.5936582116749483,7.433154936552713,0.3637576263831588,3.019116861140917,4.965122200848038,4.820624660100418,4.145867409995795,0.2937724096105756,Worn
87.09691237460856,71.40869321324278,80.17280830697918,33.94501925428061,81.48251137465122,0.5113163810669719,9.5425844151531,1.4228621861093582,7.084782531368353,0.6792620422282625,3.9983940163740703,0.6012588674328839,0.6236188502612899,4.739313858174804,4.096989223527706,0.0292153517373319,Healthy
28.74095964655797,36.77859877561529,5.8091952080349785,11.15122123212764,51.58619027123281,7.531997019142294,2.943481665153781,7.633080771801298,7.454670382070553,2.458271326332163,2.449825881635649,1.7758309569535424,1.396655092651703,3.3738152069570937,3.892709075430588,0.09710167933155,Healthy
